ProductId,Prompt,output_gpt-4,model_gpt-4,output_claude-3-opus,model_claude-3-opus
200440,"
Beschreibe das folgende Produkt kreativ und ansprechend in einem kurzen, prägnanten Text. Betone die wichtigsten Merkmale und Vorteile:

Anschluss A: 1x Cinch
Anschluss B: 1x Cinch
Anwendungsbereich: Consumer / Hi-Fi
Art: Kabel
Audio Kabeltyp: Cinch
Datenübertragung: Digital
Genaue Materialbezeichnung: Kupfer
Innenleiter Material: Kupfer
Kabel Anwendung: Digital-audio
Kabel Bauform: sauerstofffreies Kupfer
Kabel Verbindung: Anschluss (M/M)
Kabelfarbe: Blau
Länge: 3 Meter (m) Meter
Menge pro Packung: 1 Stück (Stk.) Stück
Steckerform: Vergoldete Kontakte
Steckerform: Gerade
Tiefe: 3 Meter (m) Meter
","Tauchen Sie mit diesem hochwertigen Cinch-Audiokabel in die Welt des High-Fidelity-Sounds ein. Dieses 3-Meter-lange, blau gefärbte Kabel verfügt über einen Cinch-Anschluss an jedem Ende und ist ideal für den Einsatz im Consumer- oder Hi-Fi-Bereich. Dank seiner digitalen Datenübertragung liefert es einen klaren und präzisen Klang, während das Kupfermaterial im Innenleiter eine hervorragende Signalqualität garantiert. Hergestellt aus sauerstofffreiem Kupfer, bietet es eine außergewöhnliche Langlebigkeit und Widerstandsfähigkeit. Die vergoldeten Kontakte und die gerade Steckerform sorgen für eine sichere und stabile Verbindung, während das elegante Design und die hochwertige Verarbeitung diesem Kabel einen Hauch von Stil und Eleganz verleihen. In jeder Packung erhalten Sie ein Stück dieses erstklassigen Kabels, das Ihre Audioerfahrung auf ein neues Level hebt.",gpt-4,"Erleben Sie kristallklaren digitalen Sound mit diesem hochwertigen Cinch-Kabel! Das 3 Meter lange Kabel verbindet Ihre Audiogeräte mit vergoldeten Steckern für eine verlustfreie Signalübertragung. Sauerstofffreies Kupfer garantiert höchste Leitfähigkeit und Langlebigkeit. Der blaue Mantel verleiht dem Kabel eine edle Optik. Perfekt für anspruchsvolle Hi-Fi Enthusiasten, die kompromisslose Audioqualität schätzen.",claude-3-opus
203240,"
Beschreibe das folgende Produkt kreativ und ansprechend in einem kurzen, prägnanten Text. Betone die wichtigsten Merkmale und Vorteile:

Artikel pro Verkaufseinheit: 2 Stück (Stk.) Stück
Druckerserie: DesignJet
Druckfarbe: Magenta
Druckfarbe: Cyan
Farbbezeichnung: C
Farbbezeichnung: M
Herstellerengagement: SBTi
Herstellerengagement: RE100
Inhalt: 130 Milliliter (ml) Milliliter
Kompatibel zu OEM: C9383A
Kompatible Druckermodelle: T1100
Kompatible Druckermodelle: T1100PS
Kompatible Druckermodelle: T1200
Passende Druckermarke: HP
Patronenart: Originalprodukt
Patronengrösse: Normal
Patronentyp: Druckkopf
Ursprungsland: Singapur
","Erwecken Sie Ihre Druckprojekte zum Leben mit diesem Paar von Original HP DesignJet Druckköpfen. Mit jeweils 130ml Inhalt bieten die Patronen in Magenta und Cyan intensive, leuchtende Farben, die Ihre Drucke zum Strahlen bringen. Ob für den T1100, T1100PS oder T1200 - diese Patronen sind kompatibel mit einer Reihe von HP Druckermodellen und garantieren präzise und detailgetreue Drucke. Das in Singapur hergestellte Originalprodukt unterstreicht Ihr Engagement für Qualität und Zuverlässigkeit. Darüber hinaus zeigt HP mit dem SBTi und RE100 Herstellerengagement sein Engagement für nachhaltige und verantwortungsbewusste Geschäftspraktiken. Wählen Sie diesen Druckkopf für atemberaubende Farben, herausragende Leistung und nachhaltige Drucklösungen.",gpt-4,"Erleben Sie brillante Farben und gestochen scharfe Drucke mit dem Original HP DesignJet Druckkopf-Set in Cyan und Magenta. Dieses hochwertige Druckkopf-Duo mit je 130 ml Fassungsvermögen ist perfekt auf die Druckermodelle T1100, T1100PS und T1200 abgestimmt und garantiert Ihnen eine herausragende Druckqualität.

Die Verwendung von Original HP Patronen stellt sicher, dass Ihr Drucker stets zuverlässig arbeitet und Sie lange Freude an Ihren Ausdrucken haben werden. Darüber hinaus unterstreicht HP mit seinem Engagement in den Initiativen SBTi und RE100 seinen Einsatz für Nachhaltigkeit und Umweltschutz.

Entdecken Sie die Leistungsfähigkeit und Präzision dieses Druckkopf-Sets und bringen Sie Ihre Druckergebnisse auf ein neues Level. Bestellen Sie jetzt das Original HP DesignJet Druckkopf-Set in Cyan und Magenta und überzeugen Sie sich selbst von der erstklassigen Qualität.",claude-3-opus
204460,"
Beschreibe das folgende Produkt kreativ und ansprechend in einem kurzen, prägnanten Text. Betone die wichtigsten Merkmale und Vorteile:

American Wire Gauge (AWG): 26
Anschluss A: RJ45
Anschluss B: RJ45
Artikel pro Verkaufseinheit: 1 Stück (Stück) Stück
Breite: 150 Millimeter (mm) Millimeter
Genaue Materialbezeichnung: Polyvinylchlorid (PVC)
Gewicht: 83.5 Gramm (g) Gramm
Impedanz: 100 Ohm
Kabel Anwendung: Netzwerk
Kabel Bauform: 100 Ohm
Kabel Kategorie: CAT6
Kabel Verbindung: Anschluss (M/M)
Kabelfarbe: Blau
Kontaktbelegung: ungekreuzt (straight)
Lieferumfang: 1
Länge: 2 Meter (m) Meter
Material Isolation: Polyvinylchlorid
Patchkabel Merkmale: Halogenfrei
Patchkabeltyp: Kupferkabel
Schirmung: S/FTP
Steckerform: Vergoldete Kontakte
Ursprungsland: China
","Dieses hochwertige Netzwerk-Patchkabel ist die perfekte Lösung für Ihre Home-Office- oder Unternehmensnetzwerkanforderungen. Mit einer Länge von 2 Metern bietet es Flexibilität und Komfort für Ihre Netzwerkverbindungen. Es verfügt über RJ45-Anschlüsse an beiden Enden und ist aus langlebigem Polyvinylchlorid (PVC) gefertigt, das für seine Haltbarkeit und Zuverlässigkeit bekannt ist.

Das Kabel hat eine Impedanz von 100 Ohm und ist in der Kategorie CAT6 eingestuft, was für eine erstklassige Datenübertragungsleistung sorgt. Es verfügt über eine Schirmung des Typs S/FTP, was bedeutet, dass es sowohl eine Gesamtabschirmung als auch eine Paarabschirmung hat, um Interferenzen zu minimieren und die Signalqualität zu verbessern.

Die Stecker des Kabels haben vergoldete Kontakte, was die Leitfähigkeit verbessert und Korrosion verhindert - ein weiterer Faktor, der zur Langlebigkeit dieses Produkts beiträgt. Es ist ungekreuzt (straight) und hat eine attraktive blaue Farbe, die zu einer Vielzahl von Büro- oder Heimumgebungen passt.

Das Kabel ist halogenfrei, was bedeutet, dass es bei Verbrennung keine giftigen Gase freisetzt, was es zu einer umweltfreundlicheren Wahl macht. Jede Verkaufseinheit enthält ein Stück dieses Kabels, und es wiegt nur 83,5 Gramm, was es leicht und einfach zu handhaben macht.

Gefertigt in China und konstruiert mit einem American Wire Gauge (AWG) von 26, bietet dieses Kabel eine hervorragende Kombination aus Qualität, Leistung und Wert. Nutzen Sie dieses erstklassige Patchkabel für Ihre Netzwerkanforderungen und erleben Sie die Vorteile einer stabilen und zuverlässigen Datenverbindung.",gpt-4,Verbinden Sie Ihre Netzwerkgeräte mit höchster Performance und Zuverlässigkeit! Unser hochwertiges CAT6 Patchkabel garantiert dank S/FTP-Schirmung und vergoldeten Kontakten erstklassige Übertragungsraten auch in anspruchsvollen Umgebungen. Die robuste PVC-Isolierung und die halogenfreie Bauweise sorgen für lange Haltbarkeit und erhöhte Sicherheit. Mit einer Länge von 2 Metern ist das blaue Kabel ideal für den flexiblen Einsatz in Ihrem Netzwerk. Profitieren Sie von herausragender Qualität zum attraktiven Preis und bringen Sie Ihr Netzwerk aufs nächste Level!,claude-3-opus
207900,"
Beschreibe das folgende Produkt kreativ und ansprechend in einem kurzen, prägnanten Text. Betone die wichtigsten Merkmale und Vorteile:

Antriebsart: Riemenantrieb
Audio-Anschlüsse: Cinch S/PDIF (1x)
Breite: 360 Millimeter (mm) Millimeter
Drehzahl: 45 Rpm
Drehzahl: 33 Rpm
Energieversorgung: Netzbetrieb
Ersatznadeltyp: DSN-82
Farbgruppe: Silber
Genaue Farbbezeichnung: Silber
Genaue Materialbezeichnung: Kunststoff
Gewicht: 2.7 Kilogramm (kg) Kilogramm
Höhe: 97 Millimeter (mm) Millimeter
Lieferumfang: Handbuch
Materialgruppe: Kunststoff
Plattenspieler Ausstattung: Vorverstärker
Plattenspieler Betriebsart: Vollautomatisch
Tiefe: 357 Millimeter (mm) Millimeter
Tonabnehmer: Moving Magnet
Tonarm: Gerade
","Erleben Sie den Zauber von Vinyl mit unserem exquisiten, silberfarbenen Plattenspieler. Mit einem eleganten, schlanken Design, das nur 360 mm breit, 97 mm hoch und 357 mm tief ist, fügt sich dieser Plattenspieler nahtlos in jedes Interieur ein. Er verfügt über einen Riemenantrieb und einen vollautomatischen Betrieb, was eine einfache Handhabung und optimale Leistung sicherstellt. Mit zwei Drehgeschwindigkeiten, 33 und 45 Umdrehungen pro Minute, können Sie alle Ihre Lieblingsplatten abspielen. Der Plattenspieler ist mit einem Cinch S/PDIF Audio-Anschluss ausgestattet und verfügt über einen integrierten Vorverstärker, der eine hervorragende Klangqualität gewährleistet. Der gerade Tonarm und der Moving Magnet Tonabnehmer sorgen für eine präzise Abtastung der Rillen und eine ausgezeichnete Klangwiedergabe. Mit einem Gewicht von nur 2,7 kg ist unser Plattenspieler leicht zu bewegen und zu transportieren. Der Plattenspieler wird mit einem Handbuch geliefert, das den Einstieg erleichtert. Mit einem Ersatznadeltyp DSN-82 ist die Wartung ein Kinderspiel. Tauchen Sie ein in die Welt der Musik mit unserem hochwertigen Plattenspieler.",gpt-4,Erleben Sie den Zauber von Vinyl mit diesem vollautomatischen Plattenspieler in elegantem Silber. Der präzise Riemenantrieb sorgt für einen gleichmäßigen und stabilen Plattenlauf mit 33 und 45 Rpm. Dank des integrierten Vorverstärkers und des Cinch-Anschlusses lässt sich der Plattenspieler problemlos an Ihre bestehende Audioanlage anschließen. Der gerade Tonarm mit Moving Magnet System und austauschbarer DSN-82 Nadel garantiert eine detailreiche und dynamische Musikwiedergabe. Das kompakte Kunststoffgehäuse fügt sich mit seinen Abmessungen von 360 x 97 x 357 mm elegant in jedes Wohnambiente ein. Genießen Sie Ihre Lieblingsplatten in HiFi-Qualität mit diesem vollautomatischen Plattenspieler.,claude-3-opus
213020,"
Beschreibe das folgende Produkt kreativ und ansprechend in einem kurzen, prägnanten Text. Betone die wichtigsten Merkmale und Vorteile:

Artikel pro Verkaufseinheit: 1 Stück (Stk.) Stück
Breite: 22 Zentimeter (cm) Zentimeter
Druckerserie: C
Druckfarbe: Schwarz
Druckleistung bei 5% Deckung: 20000 Anzahl (x) Anzahl
Farbbezeichnung: BK
Gewicht: 1400 Gramm (g) Gramm
Herstellerengagement: SBTi
Höhe: 38 Zentimeter (cm) Zentimeter
Kompatible Druckermodelle: C5750
Kompatible Druckermodelle: C5650
Passende Druckermarke: OKI
Patronenart: Originalprodukt
Tiefe: 15 Zentimeter (cm) Zentimeter
Tonergrösse: Normal
Tonertyp: Trommeleinheit
Ursprungsland: Japan
","Entdecken Sie die beeindruckende Druckqualität der OKI C-Serie Trommeleinheit. Dieses Originalprodukt aus Japan ist speziell für die Druckermodelle OKI C5750 und C5650 konzipiert und liefert einwandfreie Ergebnisse in tiefem, satten Schwarz. Mit einer Druckleistung von satten 20.000 Seiten bei 5% Deckung ist diese Trommeleinheit ein echtes Kraftpaket und ideal für anspruchsvolle Druckaufgaben. Mit einer kompakten Größe von 22 cm Breite, 38 cm Höhe und 15 cm Tiefe passt sie perfekt in Ihren Drucker und ist dennoch leicht mit einem Gewicht von 1400 Gramm. OKI engagiert sich im Rahmen von SBTi für eine nachhaltige Produktion, sodass Sie mit dem Kauf dieser Trommeleinheit auch einen Beitrag zum Umweltschutz leisten. Vertrauen Sie auf die Qualität eines Originalprodukts und sorgen Sie für zuverlässige Druckergebnisse mit der OKI C-Serie Trommeleinheit.",gpt-4,"Die originale OKI Trommeleinheit in Schwarz - Ihre zuverlässige Wahl für erstklassige Druckergebnisse

Entdecken Sie die Leistungsstärke und Qualität der originalen OKI Trommeleinheit in Schwarz. Mit einer beeindruckenden Druckleistung von 20.000 Seiten bei 5% Deckung ist diese Trommeleinheit der perfekte Begleiter für Ihre OKI C5750 und C5650 Drucker.

Die präzise gefertigte Trommeleinheit garantiert gestochen scharfe Texte und Grafiken in brillantem Schwarz. Dank der Verwendung hochwertiger Materialien und der fortschrittlichen Technologie von OKI erzielen Sie professionelle Ergebnisse bei jedem Druckauftrag.

Als Originalprodukt aus Japan erfüllt diese Trommeleinheit höchste Qualitätsstandards und gewährleistet eine reibungslose Integration in Ihren OKI Drucker. Mit kompakten Abmessungen von 22 x 38 x 15 cm und einem Gewicht von nur 1400 Gramm lässt sich die Trommeleinheit mühelos austauschen und sorgt für einen unterbrechungsfreien Druckbetrieb.

Setzen Sie auf die Zuverlässigkeit und Leistungsfähigkeit der originalen OKI Trommeleinheit in Schwarz und bringen Sie Ihre Druckprojekte auf ein neues Niveau.",claude-3-opus
