ProductId,Prompt,output_gpt-4,model_gpt-4,output_claude-3-opus,model_claude-3-opus,output_llama-3-70b,model_llama-3-70b,output_mistral-7b,model_mistral-7b
200440,"
    Du bist ein kreativer Produktbeschreiber bei einem E-Commerce-Shop. Deine Aufgabe ist es, das folgende Produkt in einer faszinierenden, detaillierten und ansprechenden Weise zu beschreiben, die sowohl informativ als auch fesselnd f√ºr potenzielle K√§ufer ist. Betone dabei seine einzigartigen Merkmale und wie es das Leben des Nutzers verbessern kann.

    Produktmerkmale:
    Anschluss A: 1x Cinch
Anschluss B: 1x Cinch
Anwendungsbereich: Consumer / Hi-Fi
Art: Kabel
Audio Kabeltyp: Cinch
Daten√ºbertragung: Digital
Genaue Materialbezeichnung: Kupfer
Innenleiter Material: Kupfer
Kabel Anwendung: Digital-audio
Kabel Bauform: sauerstofffreies Kupfer
Kabel Verbindung: Anschluss (M/M)
Kabelfarbe: Blau
L√§nge: 3 Meter (m) Meter
Menge pro Packung: 1 St√ºck (Stk.) St√ºck
Steckerform: Vergoldete Kontakte
Steckerform: Gerade
Tiefe: 3 Meter (m) Meter

    Erstelle eine ansprechende Beschreibung, die das Produkt hervorhebt und die Vorz√ºge betont, um die Aufmerksamkeit der K√§ufer zu gewinnen. F√ºge eventuell einen kreativen Titel hinzu, der das Interesse weckt.
    ","Produkttitel: ""BlueWave Digitales Cinch-Audiokabel - Erleben Sie makellosen Klang in Premium-Qualit√§t!""

Beschreibung:

Tauchen Sie ein in die Welt der kristallklaren und unverf√§lschten Klangerlebnisse mit unserem BlueWave Digitales Cinch-Audiokabel! Entwickelt f√ºr Musikliebhaber und Audiophile, ist dieses Kabel Ihr Schl√ºssel zu einem beeindruckenden H√∂rerlebnis, das Sie nicht mehr missen m√∂chten.

Unser BlueWave Kabel √ºberzeugt durch seine √ºberlegene Konstruktion, die auf h√∂chste Audioqualit√§t ausgerichtet ist. Mit Anschluss A und B jeweils ausgestattet mit 1x Cinch, eignet sich dieses Kabel perfekt f√ºr den Einsatz im Consumer- und Hi-Fi-Bereich. Ob Sie nun Ihr Heimkino-System aufr√ºsten, Ihren Plattenspieler mit Ihrem Verst√§rker verbinden oder einfach nur ein hochwertiges Kabel f√ºr Ihre Audioger√§te ben√∂tigen, dieses Kabel erf√ºllt Ihre Anforderungen mit Bravour.

Seine einzigartige Bauform aus sauerstofffreiem Kupfer garantiert eine st√∂rungsfreie Daten√ºbertragung und liefert so einen klaren und reinen Klang, der Ihre Musikh√∂rerfahrung auf das n√§chste Level hebt. Der Innenleiter aus reinem Kupfer sorgt f√ºr eine stabile und verlustfreie Signal√ºbertragung, wodurch Sie jeden Ton in seiner vollen Pracht genie√üen k√∂nnen.

Die vergoldeten Kontakte unterstreichen nicht nur die hochwertige Optik des Kabels, sondern garantieren zudem eine optimale Verbindung zwischen Ihren Ger√§ten. Der gerade Stecker gew√§hrleistet eine sichere und feste Verbindung, sodass Sie sich keine Sorgen um Wackelkontakte oder Signalverlust machen m√ºssen.

Das BlueWave Digitales Cinch-Audiokabel kommt in einem ansprechenden Blau, das in jedem Set-up zum Blickfang wird. Mit einer L√§nge von 3 Metern bietet es Ihnen gen√ºgend Spielraum, um Ihre Ger√§te nach Ihren W√ºnschen zu platzieren.

Bestellen Sie jetzt unser BlueWave Digitales Cinch-Audiokabel und erleben Sie",gpt-4,"Titel: Erleben Sie kristallklaren Klang mit dem Premium Cinch-Kabel von AudioPhil

Beschreibung:
Heben Sie Ihr Audioerlebnis auf ein v√∂llig neues Niveau mit dem hochwertigen, digitalen Cinch-Kabel von AudioPhil. Dieses au√üergew√∂hnliche Kabel wurde speziell entwickelt, um Ihnen eine unverf√§lschte, verlustfreie Audio√ºbertragung zu bieten und so Ihre Lieblingsmusik und Filme zum Leben zu erwecken.

Gefertigt aus hochreinem, sauerstofffreiem Kupfer, gew√§hrleistet dieses Kabel eine erstklassige Signal√ºbertragung mit minimaler Interferenz und Verzerrung. Die vergoldeten Kontakte sorgen f√ºr eine zuverl√§ssige, korrosionsbest√§ndige Verbindung und stellen sicher, dass jedes Detail Ihrer Audiotracks kristallklar wiedergegeben wird.

Mit einer gro√üz√ºgigen L√§nge von 3 Metern bietet das AudioPhil Cinch-Kabel Ihnen die Flexibilit√§t, Ihre Audioger√§te optimal zu positionieren und aufzustellen, ohne Kompromisse bei der Klangqualit√§t eingehen zu m√ºssen. Das robuste, in elegantem Blau gehaltene Kabel f√ºgt sich nahtlos in jedes Wohnambiente ein und unterstreicht Ihren exquisiten Geschmack.

Egal, ob Sie ein anspruchsvoller Audiophiler sind oder einfach nur Ihre Lieblingsmusik in bestm√∂glicher Qualit√§t genie√üen m√∂chten, das AudioPhil Cinch-Kabel ist die perfekte Wahl. Erleben Sie die Musik so, wie sie urspr√ºnglich vom K√ºnstler intended war - mit atemberaubender Klarheit, Dynamik und Pr√§zision.

Werten Sie Ihr Home-Entertainment-System noch heute mit dem Premium Cinch-Kabel von AudioPhil auf und tauchen Sie ein in",claude-3-opus,"**""Reinheit des Klangs: 3-Meter Digitales Cinch-Kabel aus Sauerstofffreiem Kupfer - Ihre Musik, wie sie sein sollte!""**

Wenn Sie nach einer M√∂glichkeit suchen, Ihre Heim-Hi-Fi-Anlage auf das n√§chste Level zu heben, suchen Sie nicht weiter! Unser 3-Meter digitales Cinch-Kabel aus sauerstofffreiem Kupfer ist hier, um Ihre Musik-Erfahrung zu revolutionieren. Mit seiner au√üergew√∂hnlichen Qualit√§t und den sorgf√§ltig ausgew√§hlten Materialien ist dieses Kabel der perfekte Begleiter f√ºr Ihre Audio-Ger√§te.

**H√∂chste Qualit√§t f√ºr den reinsten Klang**

Unser Cinch-Kabel besteht aus 100% sauerstofffreiem Kupfer, was garantieren, dass Ihre Musik ohne Verzerrung oder Signalverlust √ºbertragen wird. Die Verwendung von sauerstofffreiem Kupfer minimiert Oxidation und Korrosion, was die Signalintegrit√§t √ºber die gesamte L√§nge des Kabels hinweg bewahrt. Das Ergebnis ist ein reiner, klarer und detailreicher Klang, der Ihre Musik so klingen l√§sst, wie der K√ºnstler es beabsichtigt hat.

**Vergoldete Kontakte f√ºr eine zuverl√§ssige Verbindung**

Die Stecker unseres Kabels sind mit vergoldeten Kontakten ausgestattet, die eine zuverl√§ssige und korrosionsfreie Verbindung zu Ihren Ger√§ten gew√§hrleisten. Diese hochwertigen Kontakte sorgen daf√ºr, dass das Signal ohne Unterbrechung √ºbertragen wird, und reduzieren das Risiko von Signalverlust oder St√∂rungen.

**Einfache Installation und Vielseitigkeit**

Unser 3-Meter-Cinch-Kabel ist leicht zu installieren und passt perfekt zu den meisten Consumer- und Hi-Fi-Ger√§ten. Die geraden Stecker und die L√§nge von 3 Metern bieten Ihnen die Flexibilit√§t, Ihre Ger√§te so anzuordnen, wie es Ihnen am besten gef√§llt, ohne dass Sie sich um zu kurze Kabel oder unpraktische Anschl√ºsse sorgen m√ºssen.

**Technische Details:**

- **Anschluss:** 1x Cinch (A) und 1x Cinch (B",llama-3-70b," Title: ""Experience Unmatched Sound Quality: Premium 3m Blue Digital Audio Cinch Cable - Your Gateway to Crystal-Clear Hi-Fi Audio!""

Discover the extraordinary with our Premium 3m Blue Digital Audio Cinch Cable, a testament to our commitment to delivering exceptional sound quality and unparalleled performance. This sleek, state-of-the-art audio cable is designed to elevate your audio experience, transforming the way you engage with your favorite music, movies, and games.

Crafted with precision, our cable features two Cinch connectors, ensuring a secure and reliable digital audio connection every time. Whether you're a music enthusiast, a home theater aficionado, or a gaming aficionado, this cable is your perfect companion.

The cable's core is made of high-quality copper, a material renowned for its excellent conductivity properties, ensuring your audio signals travel with minimal loss and maximum clarity. The copper construction is further enhanced by a sauerstofffreies Kupfer (oxygen-free copper) shield, which minimizes electrical and magnetic interference, resulting in a crystal-clear, distortion-free audio output.

The cable's straight, gold-plated connectors with their vergoldete Kontakte (gold-plated contacts) guarantee a secure and long-lasting connection, while the blau (blue) cabling adds a touch of elegance to your Hi-Fi setup.

With a length of 3 meters, this cable offers the flexibility to connect your devices with ease, making it perfect for use in a variety of settings, from your home to your car. Each pack contains 1 St√ºck (St√ºck) of this premium cable, so you can enjoy high-quality audio whenever and wherever you are.

Upgrade your audio experience today with our Premium 3m Blue Digital Audio Cinch Cable - the key to a world of unparalleled sound quality and entertainment.",mistral-7b
203240,"
    Du bist ein kreativer Produktbeschreiber bei einem E-Commerce-Shop. Deine Aufgabe ist es, das folgende Produkt in einer faszinierenden, detaillierten und ansprechenden Weise zu beschreiben, die sowohl informativ als auch fesselnd f√ºr potenzielle K√§ufer ist. Betone dabei seine einzigartigen Merkmale und wie es das Leben des Nutzers verbessern kann.

    Produktmerkmale:
    Artikel pro Verkaufseinheit: 2 St√ºck (Stk.) St√ºck
Druckerserie: DesignJet
Druckfarbe: Magenta
Druckfarbe: Cyan
Farbbezeichnung: C
Farbbezeichnung: M
Herstellerengagement: SBTi
Herstellerengagement: RE100
Inhalt: 130 Milliliter (ml) Milliliter
Kompatibel zu OEM: C9383A
Kompatible Druckermodelle: T1100
Kompatible Druckermodelle: T1100PS
Kompatible Druckermodelle: T1200
Passende Druckermarke: HP
Patronenart: Originalprodukt
Patronengr√∂sse: Normal
Patronentyp: Druckkopf
Ursprungsland: Singapur

    Erstelle eine ansprechende Beschreibung, die das Produkt hervorhebt und die Vorz√ºge betont, um die Aufmerksamkeit der K√§ufer zu gewinnen. F√ºge eventuell einen kreativen Titel hinzu, der das Interesse weckt.
    ","Titel: ""Bunter Druckzauber - Ihr Partner f√ºr hochwertige Druckergebnisse""

Geben Sie Ihren Druckprojekten eine neue Dimension von Farbbrillanz und Pr√§zision mit unseren Original HP DesignJet Druckk√∂pfen in Magenta und Cyan. Dieses Pack enth√§lt zwei Patronen, speziell konzipiert f√ºr eine nahtlose Zusammenarbeit mit den HP Druckermodellen T1100, T1100PS und T1200. 

Hergestellt in Singapur, sind diese Druckk√∂pfe der Inbegriff von Qualit√§t und Zuverl√§ssigkeit, die Sie von einer weltweit anerkannten Marke wie HP erwarten k√∂nnen. Mit einer √ºppigen F√ºllmenge von 130 Millilitern pro Patrone k√∂nnen Sie sich auf zahlreiche Druckprojekte freuen, ohne st√§ndig die Patronen wechseln zu m√ºssen.

Die Patronen sind Teil der DesignJet-Serie, die f√ºr ihre au√üergew√∂hnliche Druckqualit√§t und Leistungsf√§higkeit bekannt ist. Sie liefern lebendige, dynamische Farben, die Ihre Dokumente, Pr√§sentationen und Grafiken zum Leben erwecken. Mit den Farbbezeichnungen C (Cyan) und M (Magenta) sorgen Sie f√ºr beeindruckende Farbtiefe und Bildsch√§rfe in all Ihren Ausdrucken.

Mit diesen Originalprodukten von HP k√∂nnen Sie sicher sein, dass Sie ein Produkt erwerben, das die Umwelt respektiert. Die Herstellerengagements SBTi und RE100 unterstreichen HPs Verantwortung f√ºr nachhaltige Gesch√§ftspraktiken und den √úbergang zu 100% erneuerbarer Elektrizit√§t.

Verleihen Sie Ihren Ausdrucken das gewisse Etwas mit unseren Original HP DesignJet Druckk√∂pfen. Sie werden nicht nur von der hervorragenden Druckqualit√§t begeistert sein, sondern auch von der Zuverl√§ssigkeit und Langlebigkeit dieser Patronen. Machen Sie keine Kompromisse, wenn es um Ihre Druckprojekte geht - w√§hlen Sie HP f√ºr herausragende Ergebnisse bei jedem Druckvorgang.",gpt-4,"Titel: Erwecken Sie Ihre Drucke zum Leben mit den originalen HP DesignJet Druckk√∂pfen in Cyan und Magenta!

Beschreibung:
Heben Sie Ihre Druckerzeugnisse auf ein neues Level mit diesem exklusiven 2er-Set originaler HP DesignJet Druckk√∂pfe in den Farben Cyan (C) und Magenta (M). Speziell entwickelt f√ºr die Druckermodelle T1100, T1100PS und T1200, garantieren diese hochwertigen Druckk√∂pfe eine au√üergew√∂hnliche Druckqualit√§t und lebendige, brillante Farben, die Ihre Kreationen zum Leben erwecken.

Mit einem gro√üz√ºgigen Fassungsverm√∂gen von je 130 ml pro Druckkopf k√∂nnen Sie l√§ngere Druckauftr√§ge ohne h√§ufige Wechsel bew√§ltigen und so Zeit und Geld sparen. Die Originalprodukte von HP stehen f√ºr Zuverl√§ssigkeit und Pr√§zision, sodass Sie sich voll und ganz auf Ihre kreativen Projekte konzentrieren k√∂nnen, ohne sich Gedanken √ºber die Technik machen zu m√ºssen.

Als Unternehmen, das sich den Nachhaltigkeitsinitiativen SBTi und RE100 verschrieben hat, setzt HP auf umweltfreundliche Produktionsprozesse und Materialien. Mit dem Kauf dieser Druckk√∂pfe unterst√ºtzen Sie nicht nur Ihre eigene Kreativit√§t, sondern tragen auch zu einer nachhaltigeren Zukunft bei.

Erwecken Sie Ihre Drucke zum Leben und beeindrucken Sie Ihre Kunden mit gestochen scharfen Details und lebendigen Farben. Bestellen Sie noch heute das 2er-Set originaler HP DesignJet Druckk√∂pfe in Cyan und Magenta und erleben Sie selbst den Unterschied, den Qualit√§t und Innovation in Ihren Druckerzeugnissen machen k√∂nnen!",claude-3-opus,"**Farbenpracht f√ºr Ihre Dokumente: HP Original Druckkopf C/M f√ºr professionelle Ergebnisse**

Erleben Sie die Welt der Farben in all ihrer Pracht mit unseren HP Original Druckk√∂pfen in den Farben Magenta (M) und Cyan (C). Diese hochwertigen Druckk√∂pfe sind speziell f√ºr die HP DesignJet Druckerserie konzipiert, um Ihre Dokumente, Pl√§ne und Grafiken mit au√üergew√∂hnlicher Farbtreue und -intensit√§t auszudrucken. Jede Verpackung enth√§lt 2 St√ºck dieser pr√§zisionsgefertigten Druckk√∂pfe, die f√ºr eine lange Lebensdauer und zuverl√§ssige Leistung sorgen.

**Kompatibilit√§t und Qualit√§t**

Diese Druckk√∂pfe sind kompatibel mit den beliebten HP Druckermodellen T1100, T1100PS und T1200, garantieren somit eine nahtlose Integration in Ihr bestehendes Drucksystem. Mit einer F√ºllmenge von 130 ml pro Druckkopf sind sie ideal f√ºr umfangreiche Druckprojekte, bei denen Qualit√§t und Farbgenauigkeit im Vordergrund stehen. Die Druckk√∂pfe sind als Originalprodukte von HP konzipiert, um die h√∂chsten Standards in puncto Farbtreue, Haltbarkeit und Leistung zu erf√ºllen.

**Nachhaltigkeit und Engagement**

HP ist sich seiner Verantwortung gegen√ºber der Umwelt bewusst und engagiert sich aktiv im Rahmen von SBTi (Science Based Targets initiative) und RE100, um CO2-Emissionen zu reduzieren und auf 100% erneuerbare Energien umzusteigen. Durch den Kauf dieser Druckk√∂pfe unterst√ºtzen Sie nicht nur die Qualit√§t und Zuverl√§ssigkeit von HP, sondern auch die Bem√ºhungen des Unternehmens, eine nachhaltigere Zukunft zu gestalten.

**Warum diese Druckk√∂pfe w√§hlen?**

- **Hochwertige Farben**: Erzielen Sie mit den Farben Magenta und Cyan eine breite Palette an Farbt√∂nen und -nuancen, ideal f√ºr Grafikdesign, Architektur und technische Zeichnungen.
- **Langlebige Qualit√§t**: Die Original-Dr",llama-3-70b," **Introducing: The Magical Duo - Your Ultimate HP DesignJet Ink Cartridges (T1100, T1100PS, T1200) Bundle! üåàüé®**

Wir freuen uns, Ihnen dieses magische Paar vorzustellen, das Ihre Druckererfahrung auf eine neue Ebene hebt: unsere HP DesignJet Ink Cartridges! üåàüé®

Dieses unvergessene Duo besteht aus zwei St√ºck (Stk.) von Magenta und C-Farben, die perfekt mit Ihrem HP T1100, T1100PS oder T1200 Drucker kompatibel sind. Mit einem Inhalt von 130 Milliliter (ml) pro Cartridge, ist es sicher, dass Sie die sch√∂nsten Farben f√ºr Ihre Drucke haben, um Ihre Projekte auf die n√§chste Stufe zu bringen. üí•

Dieses Originalprodukt von HP ist nicht nur mit den h√∂chsten Qualit√§tsstandards ausgestattet, sondern es ist auch kompatibel zu OEM-Produkten und zertifiziert von SBTi und RE100. üå±üå±

Mit unserem Magical Duo k√∂nnen Sie Ihre Drucke sch√∂ner und nachhaltiger machen, w√§hrend Sie Ihren Drucker auf die Spitze bringen. Dieses Paar ist passend zu Ihrer HP Druckermarke und wird Ihnen einen gro√üartigen Druckererlebnis bieten, wie Sie es nur w√ºnschen k√∂nnen. üíªüñºÔ∏è

Das Magical Duo ist eine unglaubliche Kombination, die Ihnen die M√∂glichkeit bietet, Ihre Drucke sch√∂ner und nachhaltiger zu machen. Kaufen Sie heute und freue sich auf ein unvergessenes Druckererlebnis! üåüüåü",mistral-7b
204460,"
    Du bist ein kreativer Produktbeschreiber bei einem E-Commerce-Shop. Deine Aufgabe ist es, das folgende Produkt in einer faszinierenden, detaillierten und ansprechenden Weise zu beschreiben, die sowohl informativ als auch fesselnd f√ºr potenzielle K√§ufer ist. Betone dabei seine einzigartigen Merkmale und wie es das Leben des Nutzers verbessern kann.

    Produktmerkmale:
    American Wire Gauge (AWG): 26
Anschluss A: RJ45
Anschluss B: RJ45
Artikel pro Verkaufseinheit: 1 St√ºck (St√ºck) St√ºck
Breite: 150 Millimeter (mm) Millimeter
Genaue Materialbezeichnung: Polyvinylchlorid (PVC)
Gewicht: 83.5 Gramm (g) Gramm
Impedanz: 100 Ohm
Kabel Anwendung: Netzwerk
Kabel Bauform: 100 Ohm
Kabel Kategorie: CAT6
Kabel Verbindung: Anschluss (M/M)
Kabelfarbe: Blau
Kontaktbelegung: ungekreuzt (straight)
Lieferumfang: 1
L√§nge: 2 Meter (m) Meter
Material Isolation: Polyvinylchlorid
Patchkabel Merkmale: Halogenfrei
Patchkabeltyp: Kupferkabel
Schirmung: S/FTP
Steckerform: Vergoldete Kontakte
Ursprungsland: China

    Erstelle eine ansprechende Beschreibung, die das Produkt hervorhebt und die Vorz√ºge betont, um die Aufmerksamkeit der K√§ufer zu gewinnen. F√ºge eventuell einen kreativen Titel hinzu, der das Interesse weckt.
    ","Titel: ""Das ultimative Blaue Leistungs-Patchkabel: CAT6 RJ45 Kupferkabel - Die perfekte Verbindung f√ºr Ihr Netzwerk!""

Unser erstklassiges CAT6 RJ45 Kupfer-Patchkabel, liebevoll ""Das Blaue Wunder"" genannt, ist das perfekte Werkzeug f√ºr all Ihre Netzwerkbed√ºrfnisse. Mit seiner beeindruckenden L√§nge von 2 Metern und einer Breite von 150 Millimetern bietet dieses robuste Kabel Ihnen die n√∂tige Flexibilit√§t, um alle Ihre Ger√§te bequem zu verbinden, ohne dabei Kompromisse bei der Qualit√§t eingehen zu m√ºssen.

Dieses Kabel ist mit einer American Wire Gauge (AWG) von 26 ausgelegt und verf√ºgt √ºber eine Impedanz von 100 Ohm, was den bestm√∂glichen Fluss Ihrer Daten gew√§hrleistet. Beide Enden sind mit RJ45-Anschl√ºssen ausgestattet und verf√ºgen √ºber vergoldete Kontakte, die f√ºr eine optimale Signal√ºbertragung sorgen. Die Kabelfarbe ist ein auff√§lliges Blau, das Ihr Kabelmanagement erleichtert und gleichzeitig einen Farbtupfer in Ihre Technikwelt bringt.

Hergestellt aus hochwertigem Polyvinylchlorid (PVC) bietet unser Kabel eine hervorragende Isolation und ist gleichzeitig halogenfrei. Die Kabelverbindung ist M/M (m√§nnlich-m√§nnlich) ungekreuzt, und die genaue Materialbezeichnung ist PVC. 

Ein weiteres hervorragendes Merkmal dieses Kabels ist seine S/FTP-Schirmung, die es vor Interferenzen sch√ºtzt, die die Signalqualit√§t beeintr√§chtigen k√∂nnten. Dies gew√§hrleistet eine st√∂rungsfreie Daten√ºbertragung, egal wie anspruchsvoll Ihre Netzwerkanforderungen auch sein m√∂gen.

Jede Verkaufseinheit enth√§lt ein einziges St√ºck dieses erstaunlichen Kabels, das nur 83,5 Gramm wiegt, wodurch es leicht und bequem zu handhaben ist. 

Dieses Produkt stammt aus China und h√§lt die h√∂chsten Qualit√§tsstandards ein. 

",gpt-4,"Titel: Verbinden Sie sich mit H√∂chstleistung - Das S/FTP CAT6 Patchkabel f√ºr ultimative Netzwerkqualit√§t

Beschreibung:
Erleben Sie erstklassige Netzwerkverbindungen mit unserem hochwertigen S/FTP CAT6 Patchkabel. Dieses 2 Meter lange Kabel in elegantem Blau ist die perfekte Wahl f√ºr anspruchsvolle Anwender, die nach zuverl√§ssiger Performance und st√∂rungsfreier Daten√ºbertragung streben.

Mit seiner robusten Konstruktion aus 26 AWG Kupferleitern und einer Polyvinylchlorid (PVC) Isolierung bietet dieses Kabel hervorragende Signalintegrit√§t und Schutz vor elektromagnetischen St√∂rungen. Die S/FTP Schirmung sorgt f√ºr eine optimale Abschirmung gegen St√∂rsignale und gew√§hrleistet eine stabile und schnelle Verbindung mit einer Impedanz von 100 Ohm.

Die vergoldeten RJ45-Stecker an beiden Enden des Kabels garantieren eine sichere und langlebige Verbindung. Dank der ungekreuzten Kontaktbelegung (straight) ist das Kabel sofort einsatzbereit und l√§sst sich m√ºhelos in Ihr Netzwerk integrieren.

Profitieren Sie von den Vorteilen eines CAT6-Kabels, das f√ºr anspruchsvolle Netzwerkanwendungen entwickelt wurde. Mit einer Bandbreite von bis zu 250 MHz und √úbertragungsraten von bis zu 10 Gbps ist dieses Kabel die ideale Wahl f√ºr High-Speed-Internetverbindungen, Gaming, Video-Streaming und Datei√ºbertragungen.

Unser S/FTP CAT6 Patchkabel ist nicht nur leistungsstark, sondern auch umweltfreundlich. Die halogenfreie Konstruktion tr√§gt zu einer sichereren un",claude-3-opus,"**""Verbinden Sie sich mit Qualit√§t: Unser CAT6 Netzwerk-Patchkabel f√ºr eine schnelle und zuverl√§ssige Verbindung""**

Sind Sie bereit, Ihre Netzwerkverbindungen auf das n√§chste Level zu heben? Unsere CAT6 Netzwerk-Patchkabel sind speziell dise√±iert, um eine schnelle, zuverl√§ssige und hochwertige Verbindung f√ºr Ihre Netzwerkger√§te zu gew√§hrleisten. Mit einer L√§nge von 2 Metern und einer Kabelfarbe in elegantem Blau, passt dieses Kabel perfekt in jedes B√ºro oder Heimnetzwerk.

**Hochleistungs-Technologie f√ºr eine schnelle Verbindung**

Unser CAT6 Patchkabel unterst√ºtzt eine Daten√ºbertragungsrate von bis zu 10 Gbps, ideal f√ºr Anwendungen wie Online-Gaming, Video-Streaming und den Austausch gro√üer Dateien. Die 100 Ohm Impedanz und die S/FTP (Schirmung/Foiled und Twisted Pair) Konstruktion gew√§hrleisten eine minimale Signalst√∂rung und eine hohe √úbertragungsqualit√§t.

**Sicherheit und Zuverl√§ssigkeit**

Das Kabel ist aus hochwertigem Polyvinylchlorid (PVC) gefertigt, das f√ºr seine Haltbarkeit und Widerstandsf√§higkeit gegen√ºber Umwelteinfl√ºssen bekannt ist. Die vergoldeten Kontakte an den RJ45 Steckern gew√§hrleisten eine sichere und korrosionsfreie Verbindung. Dar√ºber hinaus ist unser Kabel halogenfrei, was es zu einer umweltfreundlichen Wahl macht.

**Einfach anzuschlie√üen und zu verwenden**

Das Kabel ist mit einer Kontaktbelegung in ungekreuzter (straight) Konfiguration ausgestattet, was den Anschluss an Ihre Ger√§te erleichtert. Die Kabell√§nge von 2 Metern bietet ausreichend Flexibilit√§t f√ºr die Verbindung Ihrer Ger√§te, egal ob Sie sie in einem engen B√ºro oder in einem gro√üen Heimnetzwerk verwenden.

**Technische Details:**

- American Wire Gauge (AWG): 26
- Anschluss A und B: RJ45
- Artikel pro Verkaufseinheit: 1 St√ºck
- Breite: 150",llama-3-70b," Titel: **Connect with Confidence: Premium CAT6 2-Meter Blue Network Patch Cable - Halogenfreie S/FTP Schirmung und Vergoldete Kontakte**

Ein Schritt in Richtung schnellerer Verbindungsschl√ºsse und einer verl√§sslichen Netzwerkverbindung! Unser Premium CAT6 2-Meter Netzwerk-Patchkabel ist ein unverzichtbares Ger√§t f√ºr jeden, der sich f√ºr eine effiziente Daten√ºbertragung im Home Office, dem B√ºro oder einem Data Center sucht.

Dieses kupferbasierte Patchkabel verf√ºgt √ºber eine 100-Ohm Impedanz und eine CAT6-Kategorie, was es ideal f√ºr hohe Daten√ºbertragungsraten von bis zu 550 MHz macht. Mit einer L√§nge von 2 Metern bietet es gen√ºgend Raum, um Ihre Netzwerkkomponenten zu verbinden, ohne dass es zu einer unn√∂tigen Verkabelungsknotenkomplikation kommt.

Die robuste Polyvinylchlorid-Isolation und die S/FTP-Schirmung garantieren eine hervorragende Datenstabilit√§t und Unterdr√ºckung von elektromagnetischen St√∂rungen, um eine hochaufl√∂sende Daten√ºbertragung zu gew√§hrleisten. Das Halogenfreie Patchkabel sichert Ihre Sicherheit, indem es das Risiko von Brandausbr√ºchen durch verringerte Stickstofffreisetzung decrease und die Umweltbelastung minimiert.

Das Vergoldete-Kontakt-Steckerdesign und die ungekreuzte Kontaktbelegung verhindern die Kontaktverschmutzung und verbessern die Verbindungssicherheit, w√§hrend die Polyvinylchlorid-Materialbezeichnung sicherstellt, dass das Kabel langlebig und widerstandsf√§hig ist.

Mit einer Gewichtsklasse von nur 83.5 Gramm ist dieses Patchkabel leicht und transportabel, sodass Sie es problemlos in Ihr Netz",mistral-7b
207900,"
    Du bist ein kreativer Produktbeschreiber bei einem E-Commerce-Shop. Deine Aufgabe ist es, das folgende Produkt in einer faszinierenden, detaillierten und ansprechenden Weise zu beschreiben, die sowohl informativ als auch fesselnd f√ºr potenzielle K√§ufer ist. Betone dabei seine einzigartigen Merkmale und wie es das Leben des Nutzers verbessern kann.

    Produktmerkmale:
    Antriebsart: Riemenantrieb
Audio-Anschl√ºsse: Cinch S/PDIF (1x)
Breite: 360 Millimeter (mm) Millimeter
Drehzahl: 45 Rpm
Drehzahl: 33 Rpm
Energieversorgung: Netzbetrieb
Ersatznadeltyp: DSN-82
Farbgruppe: Silber
Genaue Farbbezeichnung: Silber
Genaue Materialbezeichnung: Kunststoff
Gewicht: 2.7 Kilogramm (kg) Kilogramm
H√∂he: 97 Millimeter (mm) Millimeter
Lieferumfang: Handbuch
Materialgruppe: Kunststoff
Plattenspieler Ausstattung: Vorverst√§rker
Plattenspieler Betriebsart: Vollautomatisch
Tiefe: 357 Millimeter (mm) Millimeter
Tonabnehmer: Moving Magnet
Tonarm: Gerade

    Erstelle eine ansprechende Beschreibung, die das Produkt hervorhebt und die Vorz√ºge betont, um die Aufmerksamkeit der K√§ufer zu gewinnen. F√ºge eventuell einen kreativen Titel hinzu, der das Interesse weckt.
    ","Titel: ""Magischer Musikmoment mit dem Silver Sonic Vollautomatischen Plattenspieler""

Erleben Sie die Faszination der alten Welt gepaart mit modernster Technologie mit unserem Silver Sonic Vollautomatischen Plattenspieler. Dieses robuste Kunststoffwunder, das in einem ansprechenden Silberton gehalten ist, bringt die Magie der Vinylmusik aufs Neue zu Ihnen nach Hause.

Mit einer Breite von 360 mm, einer Tiefe von 357 mm und einer H√∂he von 97 mm ist der Silver Sonic ein kompaktes Meisterwerk, das sich perfekt in jedes Wohnzimmer einf√ºgt. Mit einem Gewicht von nur 2,7 kg l√§sst es sich leicht transportieren und erm√∂glicht es Ihnen, Ihre Lieblingsmusik √ºberallhin mitzunehmen.

Dieser Plattenspieler ist mit einem Riemenantrieb ausgestattet, der f√ºr eine gleichm√§√üige Drehbewegung sorgt und dabei zwei Geschwindigkeiten bietet: 33 und 45 Umdrehungen pro Minute. Egal, welche Art von Schallplatte Sie besitzen, der Silver Sonic wird sie mit Leichtigkeit abspielen und Ihnen ein H√∂chstma√ü an musikalischer Genauigkeit und Konsistenz bieten.

Der Silver Sonic verf√ºgt √ºber einen eingebauten Vorverst√§rker und einen Moving Magnet Tonabnehmer, die f√ºr eine hervorragende Audioleistung sorgen. Die ausgezeichnete Klangqualit√§t wird durch den geraden Tonarm unterst√ºtzt, der eine pr√§zise Spurverfolgung gew√§hrleistet und so das Risiko von Spr√ºngen und Verzerrungen minimiert.

Zus√§tzlich bietet der Silver Sonic einen Cinch S/PDIF-Audioanschluss, der Ihnen die M√∂glichkeit gibt, Ihre Musik auf externen Ger√§ten zu genie√üen. Ob Sie Ihre Vinylsch√§tze digitalisieren oder einfach nur mit Freunden teilen m√∂chten, dieser Plattenspieler macht es m√∂glich.

Die Energieversorgung erfolgt √ºber das Netz, so dass Sie sich keine Sorgen um den Batteriewechsel machen m√ºssen. Ein weiterer Vorteil ist die vollautomatische Betriebsart, die Ihnen erm√∂glicht, Ihre Platten mit nur einem Knopfdruck abzuspielen.

Im Lieferumfang enthalten",gpt-4,"Titel: Erleben Sie den unverf√§lschten Klang der Vinyl-√Ñra mit dem Denon DP-29F Plattenspieler

Beschreibung:
Tauchen Sie ein in die faszinierende Welt des analogen Musikgenusses mit dem Denon DP-29F, einem vollautomatischen Plattenspieler, der h√∂chste Klangqualit√§t und Bedienkomfort in einem eleganten Silber-Design vereint.

Der DP-29F besticht durch seinen pr√§zisen Riemenantrieb und die stufenlos einstellbare Drehzahl von 33 und 45 Rpm, die eine originalgetreue Wiedergabe Ihrer kostbaren Vinyl-Sch√§tze garantiert. Der gerade Tonarm mit dem hochwertigen Moving Magnet Tonabnehmer tastet selbst feinste Rillen aus und verwandelt sie in ein beeindruckendes Klangerlebnis.

Dank des integrierten Vorverst√§rkers l√§sst sich der DP-29F direkt an Ihr Stereosystem anschlie√üen - wahlweise √ºber den Cinch S/PDIF Digitalausgang oder die analogen Cinch-Buchsen. So genie√üen Sie jederzeit unverf√§lschten, detailreichen Sound.

Mit kompakten Abmessungen von 360 x 97 x 357 mm (B x H x T) und einem Gewicht von nur 2,7 kg f√ºgt sich der Plattenspieler harmonisch in jedes Wohnambiente ein. Das edle, silberne Kunststoffgeh√§use unterstreicht die hochwertige Anmutung und l√§sst den DP-29F zu einem stilvollen Blickfang werden.

Lassen auch Sie sich von der unvergleichlichen Magie der Schallplatte verzaubern - mit dem Denon DP-29F, Ihrem Schl√ºssel zu einem ganz besonderen Musikerlebnis. Erleben Sie Ihre Lieblings",claude-3-opus,"**""Vinyl-Puristen aufgepasst: Das ultimative Plattenspieler-Erlebnis f√ºr Ihre Lieblingsalben""**

Stellen Sie sich vor, Sie sitzen in Ihrem gem√ºtlichen Wohnzimmer, umgeben von den warmen, goldenen T√∂nen Ihrer Lieblingsalben, die auf Ihrem neuen, hochwertigen Plattenspieler zum Leben erwecken. Unser neuestes Modell, das ""Vinyl-Meisterwerk"", ist das perfekte Ger√§t f√ºr alle, die die Authentizit√§t und den Charakter von Vinyl-Schallplatten sch√§tzen.

Dieses Meisterwerk der Tonwiedergabe verbindet moderne Technologie mit klassischem Design, um Ihnen ein unvergleichliches H√∂rerlebnis zu bieten. Der riemengetriebene Antrieb sorgt f√ºr eine konstante und pr√§zise Drehzahl, die Ihre Schallplatten mit 33 oder 45 Umdrehungen pro Minute zum Leben erweckt. Der geradlinige Tonarm, der mit einem hochwertigen Moving-Magnet-Tonabnehmer ausgestattet ist, liest die feinsten Nuancen Ihrer Lieblingsalben und √ºbertr√§gt sie in eine atemberaubende Klanglandschaft.

Das ""Vinyl-Meisterwerk"" ist nicht nur ein Ger√§t, sondern ein Erlebnis. Es verf√ºgt √ºber einen integrierten Vorverst√§rker, der den Klang Ihrer Schallplatten optimiert und eine nahezu perfekte Wiedergabe erm√∂glicht. Die vollautomatische Betriebsart macht es einfach, Ihre Alben zu genie√üen, ohne sich um die Technik k√ºmmern zu m√ºssen. Einfach die Platte auflegen, den Tonarm auf die Rille setzen und lassen Sie sich von der Musik verzaubern.

Das elegante Design des ""Vinyl-Meisterwerks"" passt perfekt in jedes Wohnzimmer. Die silberne Farbgebung und die solide Verarbeitung aus hochwertigem Kunststoff geben dem Ger√§t ein zeitloses und stilvolles Aussehen. Mit einer Breite von 360 mm, einer H√∂he von 97 mm und einer Tiefe von 357 mm findet es problemlos seinen Platz in Ihrem Heim.

Unser Plattenspieler kommt mit einem umfassenden Lieferum",llama-3-70b," Titel: ""Entdecken Sie die Timeless Elegance des Silver Stream Riemenantrieb-Plattenspielers""

Erleben Sie die unparallelled Rauhness und Warmth, die nur ein Riemenantrieb-Plattenspieler bietet, mit unserem Silver Stream Riemenantrieb-Plattenspieler. Dieser unikatische Silver Stream Plattenspieler ist ein Klassiker in der Welt von High-Fidelity Audio und wird von Nicht-Professionellen und Enthusiasten gleicherma√üen gesch√§tzt.

Mit einem Gewicht von 2,7 kg und einer H√∂he von 97 mm und einer Tiefe von 357 mm, ist der Silver Stream Riemenantrieb-Plattenspieler ein unverwechselbares St√ºck M√∂bel in Ihrer Wohnung. Sein elegant silberner Kunststoff-Geh√§use verbindet die Sch√∂nheit und die Funktionalit√§t in einem.

Dieser Plattenspieler ist mit einer Vielzahl von spannenden Features ausgestattet, darunter ein Tonarm mit Moving Magnet und einen geraden Tonabnehmer, um eine optimale Rauhness und Wiedergabe der Schallplatten zu erm√∂glichen. Unterst√ºtzt durch die Verwendung eines Cinch S/PDIF-Audio-Anschlusses, bietet der Silver Stream Riemenantrieb-Plattenspieler eine hervorragende Soundqualit√§t.

Ein Moving Magnet-Tonarm und der Gerade Tonabnehmer arbeiten zusammen, um eine optimale Rauhness und Wiedergabe von Schallplatten zu erm√∂glichen. Unterst√ºtzt durch den Cinch S/PDIF-Audio-Anschluss bietet der Silver Stream Riemenantrieb-Plattenspieler eine hervorragende Soundqualit√§t.

Dieser Vollautomatische Plattenspieler arbeitet mit DSN-82-Ersatznadeln und hat eine Drehzahl von 45 RPM und 33 RPM. Seine Breite betr√§gt 360 mm, und er ist mit",mistral-7b
213020,"
    Du bist ein kreativer Produktbeschreiber bei einem E-Commerce-Shop. Deine Aufgabe ist es, das folgende Produkt in einer faszinierenden, detaillierten und ansprechenden Weise zu beschreiben, die sowohl informativ als auch fesselnd f√ºr potenzielle K√§ufer ist. Betone dabei seine einzigartigen Merkmale und wie es das Leben des Nutzers verbessern kann.

    Produktmerkmale:
    Artikel pro Verkaufseinheit: 1 St√ºck (Stk.) St√ºck
Breite: 22 Zentimeter (cm) Zentimeter
Druckerserie: C
Druckfarbe: Schwarz
Druckleistung bei 5% Deckung: 20000 Anzahl (x) Anzahl
Farbbezeichnung: BK
Gewicht: 1400 Gramm (g) Gramm
Herstellerengagement: SBTi
H√∂he: 38 Zentimeter (cm) Zentimeter
Kompatible Druckermodelle: C5750
Kompatible Druckermodelle: C5650
Passende Druckermarke: OKI
Patronenart: Originalprodukt
Tiefe: 15 Zentimeter (cm) Zentimeter
Tonergr√∂sse: Normal
Tonertyp: Trommeleinheit
Ursprungsland: Japan

    Erstelle eine ansprechende Beschreibung, die das Produkt hervorhebt und die Vorz√ºge betont, um die Aufmerksamkeit der K√§ufer zu gewinnen. F√ºge eventuell einen kreativen Titel hinzu, der das Interesse weckt.
    ","Titel: ""Magische Schwarze Trommeleinheit - Ein unverzichtbares Original f√ºr Ihren OKI Drucker""

Sind Sie auf der Suche nach einer hochwertigen, langlebigen und leistungsstarken Trommeleinheit f√ºr Ihren OKI Drucker? Sie haben Gl√ºck, denn wir pr√§sentieren Ihnen hier eine spektakul√§re L√∂sung, die Ihre Druckerleistung auf ein neues Niveau hebt.

Dieses Originalprodukt aus der Druckerserie C ist speziell f√ºr die Druckermodelle C5750 und C5650 konzipiert und gew√§hrleistet damit eine makellose Kompatibilit√§t und optimale Druckleistung. Mit seinen bescheidenen Abmessungen von 22 Zentimetern Breite, 38 Zentimetern H√∂he und 15 Zentimetern Tiefe f√ºgt es sich nahtlos in Ihr Ger√§t ein und bietet eine robuste und dauerhafte Druckl√∂sung.

Mit einer beeindruckenden Druckleistung von 20.000 Seiten bei 5% Deckung, ist diese Trommeleinheit ein wahrer Gigant in Sachen Ausdauer. Geliefert in einem tiefen, satten Schwarz (Farbbezeichnung BK), k√∂nnen Sie sich auf professionelle Druckergebnisse mit kr√§ftigen, klaren Linien und gestochen scharfen Details verlassen.

Was dieses Produkt besonders auszeichnet, ist sein Herstellerengagement: SBTi. Dies steht f√ºr das Science Based Targets Initiative und zeigt, dass dieses Produkt nicht nur Ihre Druckanforderungen erf√ºllt, sondern auch einen aktiven Beitrag zum Umweltschutz leistet. Es vereint hohe Leistung und Nachhaltigkeit in einem - ein wichtiger Schritt in Richtung einer gr√ºneren Zukunft.

Mit einem Gewicht von 1400 Gramm ist diese Trommeleinheit robust und haltbar, ohne dabei zu schwer zu sein. Sie ist aus Japan, dem Land bekannt f√ºr seine herausragende Qualit√§t und hohe Produktionsstandards - ein weiterer Beweis f√ºr die exzellente Qualit√§t dieses Produkts. 

Ob Sie nun Textdokumente, Pr√§sentationen oder Fotos drucken - diese Trommeleinheit liefert jedes Mal hervorragende Ergebnisse. Steigern Sie Ihre Produktivit√§t, sparen Sie Zeit",gpt-4,"Titel: Drucken Sie in Perfektion mit der Originalen OKI Trommeleinheit f√ºr C5750 und C5650 Drucker

Beschreibung:
Heben Sie Ihre Druckerzeugnisse auf ein neues Niveau mit der originalen OKI Trommeleinheit, speziell entwickelt f√ºr die C5750 und C5650 Druckermodelle. Dieses hochwertige Produkt aus Japan liefert Ihnen gestochen scharfe, professionelle Drucke in brillantem Schwarz.

Mit einer beeindruckenden Druckleistung von 20.000 Seiten bei 5% Deckung ist diese Trommeleinheit ein zuverl√§ssiger Begleiter f√ºr all Ihre Druckprojekte. Egal ob Sie wichtige Dokumente, Pr√§sentationen oder Marketingmaterialien drucken - die Ergebnisse werden Sie und Ihre Kunden begeistern.

Die Trommeleinheit ist perfekt auf Ihren OKI Drucker abgestimmt und gew√§hrleistet eine reibungslose Integration. Dank der Standardgr√∂√üe des Toners k√∂nnen Sie Ihre Druckkosten effizient im Griff behalten, ohne Kompromisse bei der Qualit√§t einzugehen.

Als Originalprodukt von OKI profitieren Sie nicht nur von h√∂chster Zuverl√§ssigkeit und Kompatibilit√§t, sondern auch vom Engagement des Herstellers f√ºr Nachhaltigkeit. OKI ist Mitglied der Science Based Targets initiative (SBTi) und setzt sich aktiv f√ºr den Klimaschutz ein.

Investieren Sie in diese hochwertige Trommeleinheit und erleben Sie den Unterschied in Ihren Druckergebnissen. Mit Abmessungen von 22 x 38 x 15 cm und einem Gewicht von 1,4 kg ist sie ein kompaktes Kraftpaket, das Ihre Druckerlandschaft revolutionieren wird.",claude-3-opus,"**""Tinte f√ºr die Ewigkeit: Die Original OKI Trommeleinheit - Pr√§zision und Langlebigkeit f√ºr Ihre Druckbed√ºrfnisse""**

Suchen Sie nach einer zuverl√§ssigen und hochwertigen Druckl√∂sung f√ºr Ihren OKI Drucker? Dann ist unsere Original OKI Trommeleinheit die perfekte Wahl f√ºr Sie! Diese exzellente Trommeleinheit ist speziell f√ºr die Druckermodelle C5750 und C5650 entwickelt worden und bietet eine un√ºbertroffene Kombination aus Pr√§zision, Langlebigkeit und Umweltfreundlichkeit.

**Hochwertige Qualit√§t aus Japan**

Unsere OKI Trommeleinheit stammt direkt aus Japan, einem Land, das f√ºr seine innovative Technologie und strenge Qualit√§tskontrollen bekannt ist. Jedes Produkt wird sorgf√§ltig hergestellt und getestet, um sicherzustellen, dass es den h√∂chsten Standards entspricht. Mit einem Gewicht von 1400 Gramm und den Abmessungen 38 cm H√∂he, 22 cm Breite und 15 cm Tiefe ist es das perfekte Zubeh√∂r f√ºr Ihren Drucker.

**Umweltfreundliches Engagement**

OKI ist ein Unternehmen, das sich stark f√ºr Umweltschutz einsetzt. Durch die Zusammenarbeit mit der Science Based Targets Initiative (SBTi) setzt OKI konkrete, wissenschaftlich fundierte Ziele, um den CO2-Fu√üabdruck zu reduzieren und somit zur Bek√§mpfung des Klimawandels beizutragen. Indem Sie Originalprodukte von OKI w√§hlen, unterst√ºtzen Sie nicht nur die Qualit√§t und Zuverl√§ssigkeit, sondern auch nachhaltige Praktiken.

**Leistungsstark und Effizient**

Die Trommeleinheit ist f√ºr eine au√üergew√∂hnliche Leistung konzipiert. Mit einer Druckleistung von 20.000 Seiten bei 5% Deckung und der Farbe Schwarz (BK) ist sie ideal f√ºr den professionellen Einsatz. Die Tonergr√∂√üe ist normal, was bedeutet, dass Sie die optimale Menge an Toner f√ºr Ihre Druckaufgaben erhalten, ohne dass Sie sich um teure Nachf√ºllungen oder unpraktische Tonerwechsel k√ºmmern m√ºssen.

**",llama-3-70b," Titel: ""Introducing the Game-Changing OKI C5750/C5650 Monochrome Printer: Your Gateway to Unparalleled Efficiency and Professionalism!""

Discover the extraordinary OKI C5750/C5650 Monochrome Printer, a game-changer designed to elevate your productivity and professionalism to new heights. This compact powerhouse, hailing from the innovative minds of OKI, boasts a sleek profile with dimensions of 22cm x 15cm x 38cm (BxTxH) and a weight of just 1400g, making it the perfect addition to any workspace.

Equipped with a state-of-the-art toner system and a print speed of up to 20,000 prints at 5% coverage, this printer guarantees unmatched efficiency for your daily printing needs. Compatible with the OKI C5750 and C5650 models, this printer is the perfect ally for small businesses and home offices seeking a reliable, high-performance monochrome printer.

Our OKI C5750/C5650 Printer is not just a tool, but a statement. With its original OKI toner cartridge and commitment to the SBTi, you can count on this eco-friendly printer to deliver exceptional print quality while minimizing environmental impact.

Experience the difference today. Upgrade your printing game with the OKI C5750/C5650 Monochrome Printer, and take a step towards a more productive, sustainable, and professional future!",mistral-7b
