ProductId,Prompt,output_temp_0.0_topp_0.7,output_temp_0.0_topp_0.85,output_temp_0.0_topp_1.0,output_temp_0.7_topp_0.7,output_temp_0.7_topp_0.85,output_temp_0.7_topp_1.0,output_temp_1.2_topp_0.7,output_temp_1.2_topp_0.85,output_temp_1.2_topp_1.0
200440,"
Du bist ein sehr kritischer Produktexperte.

Hier ist die Beschreibung eines Produkts:
Anschluss A: 1x Cinch
Anschluss B: 1x Cinch
Anwendungsbereich: Consumer / Hi-Fi
Art: Kabel
Audio Kabeltyp: Cinch
Datenübertragung: Digital
Genaue Materialbezeichnung: Kupfer
Innenleiter Material: Kupfer
Kabel Anwendung: Digital-audio
Kabel Bauform: sauerstofffreies Kupfer
Kabel Verbindung: Anschluss (M/M)
Kabelfarbe: Blau
Länge: 3 Meter (m) Meter
Menge pro Packung: 1 Stück (Stk.) Stück
Steckerform: Vergoldete Kontakte
Steckerform: Gerade
Tiefe: 3 Meter (m) Meter

Frage: Welche besonderen und innovativen technischen Eigenschaften oder Funktionen hat dieses Produkt? Bitte antworte möglichst detailliert in maximal 3 Sätzen.

WICHTIG: Wenn keine eindeutigen Informationen im Text vorhanden sind, antworte nicht mit erfundenen Details, sondern sage, dass keine weiteren Informationen vorliegen.

ANTWORT:
",Das Produkt bietet keine besonderen oder innovativen technischen Eigenschaften oder Funktionen. Es handelt sich um ein Standard Cinch-Kabel mit Kupfer-Innenleiter und vergoldeten Kontakten. Weitere spezifische technische Details oder innovative Funktionen sind in der Produktbeschreibung nicht angegeben.,Das Produkt bietet keine besonderen oder innovativen technischen Eigenschaften oder Funktionen. Es handelt sich um ein Standard Cinch-Kabel mit Kupfer-Innenleiter und vergoldeten Kontakten. Weitere spezifische technische Details oder Funktionen sind in der Produktbeschreibung nicht angegeben.,Das Produkt bietet keine besonderen oder innovativen technischen Eigenschaften oder Funktionen. Es handelt sich um ein Standard Cinch-Kabel mit Kupfer-Innenleiter und vergoldeten Kontakten. Weitere spezifische technische Details oder innovative Funktionen sind in der Produktbeschreibung nicht angegeben.,Das Produkt hat keine besonderen oder innovativen technischen Eigenschaften oder Funktionen. Es handelt sich um ein Standard Cinch-Kabel mit Kupfer-Innenleitern und vergoldeten Kontakten für die digitale Audio-Datenübertragung. Weitere spezifische technische Details oder Funktionen sind in der Produktbeschreibung nicht genannt.,"Das Produkt bietet keine besonderen oder innovativen technischen Eigenschaften oder Funktionen. Es handelt sich um ein standard Cinch-Kabel mit Kupferinnenleitern und vergoldeten Kontakten, das für den Consumer/Hi-Fi Bereich konzipiert ist. Weitere spezifische Informationen oder besondere Merkmale sind in der Produktbeschreibung nicht angegeben.",Das Produkt verfügt über keine besonderen oder innovativen technischen Eigenschaften oder Funktionen. Es handelt sich um ein standard Cinch-Kabel mit vergoldeten Kontakten und sauerstofffreiem Kupfer als Innenleiter Material. Weitere spezifische technische Details oder Funktionen sind in der Produktbeschreibung nicht angegeben.,Das Produkt bietet keine besonderen oder innovativen technischen Eigenschaften oder Funktionen. Es handelt sich um ein standardmäßiges Cinch-Kabel mit vergoldeten Kontakten und sauerstofffreiem Kupfer als Innenleiter. Es werden keine zusätzlichen oder einzigartigen Merkmale erwähnt.,"Das Produkt verfügt über keine besonders innovativen technischen Eigenschaften oder Funktionen. Es handelt sich um ein standardmäßiges Cinch-Audiokabel mit einer Länge von 3 Metern, das aus sauerstofffreiem Kupfer besteht und vergoldete Kontakte aufweist. Weitere besondere oder innovative Merkmale werden in der Beschreibung nicht genannt.","Das Produkt verfügt über sauerstofffreies Kupfer, was zu einer verbesserten Leitfähigkeit für die Datenübertragung im Vergleich zu Standardkupfer führen kann. Zudem hat es vergoldete Kontakte, die für eine verbesserte Signalübertragung sorgen könnten. Abgesehen davon sind in der Produktbeschreibung leider keine weiteren besonderen technischen Eigenschaften oder innovativen Funktionen aufgeführt."
203240,"
Du bist ein sehr kritischer Produktexperte.

Hier ist die Beschreibung eines Produkts:
Artikel pro Verkaufseinheit: 2 Stück (Stk.) Stück
Druckerserie: DesignJet
Druckfarbe: Magenta
Druckfarbe: Cyan
Farbbezeichnung: C
Farbbezeichnung: M
Herstellerengagement: SBTi
Herstellerengagement: RE100
Inhalt: 130 Milliliter (ml) Milliliter
Kompatibel zu OEM: C9383A
Kompatible Druckermodelle: T1100
Kompatible Druckermodelle: T1100PS
Kompatible Druckermodelle: T1200
Passende Druckermarke: HP
Patronenart: Originalprodukt
Patronengrösse: Normal
Patronentyp: Druckkopf
Ursprungsland: Singapur

Frage: Welche besonderen und innovativen technischen Eigenschaften oder Funktionen hat dieses Produkt? Bitte antworte möglichst detailliert in maximal 3 Sätzen.

WICHTIG: Wenn keine eindeutigen Informationen im Text vorhanden sind, antworte nicht mit erfundenen Details, sondern sage, dass keine weiteren Informationen vorliegen.

ANTWORT:
","Der Text liefert keine spezifischen Informationen über besondere oder innovative technische Eigenschaften oder Funktionen dieses Produkts. Es handelt sich um eine Original-Druckkopfpatrone für bestimmte HP-Druckermodelle, die in Singapur hergestellt wurde. Weitere technische Details oder innovative Funktionen sind nicht angegeben.","Der Text liefert keine spezifischen Informationen über besondere oder innovative technische Eigenschaften oder Funktionen dieses Produkts. Es handelt sich um eine Original-Druckkopfpatrone für bestimmte HP-Druckermodelle, die in Singapur hergestellt wurde. Weitere technische Details oder innovative Funktionen sind nicht angegeben.","Der Text liefert keine spezifischen Informationen über besondere oder innovative technische Eigenschaften oder Funktionen dieses Produkts. Es handelt sich um eine Original-Druckkopfpatrone für bestimmte HP-Druckermodelle, die in Singapur hergestellt wurde. Weitere technische Details oder innovative Funktionen sind nicht angegeben.","Die Produktbeschreibung enthält keine spezifischen Informationen über besondere oder innovative technische Eigenschaften oder Funktionen dieses Produkts. Es handelt sich um eine Original Druckkopfpatrone für bestimmte HP Druckermodelle, die in Singapur hergestellt wird. Die genannten Herstellerengagements könnten auf bestimmte Nachhaltigkeitsbemühungen hinweisen, jedoch sind ohne weitere Details keine spezifischen Innovationen oder technischen Besonderheiten zu erkennen.","Der Text liefert keine Informationen über besondere oder innovative technische Eigenschaften oder Funktionen dieses Produkts. Es handelt sich lediglich um eine Beschreibung der Farben, Kompatibilität und Herkunft des Produkts.",Die Produktbeschreibung enthält keine spezifischen Informationen über besondere oder innovative technische Eigenschaften oder Funktionen des Produkts. Es handelt sich um eine Original-Druckkopfpatrone für bestimmte HP-Druckermodelle mit Standardgröße und den Druckfarben Magenta und Cyan. Weitere technische Details oder Innovationen werden nicht erwähnt.,"Der Text liefert keine spezifischen Informationen über besondere oder innovative technische Eigenschaften oder Funktionen dieses Produkts. Es handelt sich um eine Original-Druckkopfpatrone für bestimmte HP-Druckermodelle, die in Singapur hergestellt wurde. Weitere technische Details oder besondere Merkmale sind nicht angegeben.","Der Text liefert keine Informationen über besondere oder innovative technische Eigenschaften oder Funktionen dieses Produkts. Es handelt sich lediglich um eine Druckkopfpatrone mit Standardgröße und den Farben Cyan und Magenta, die mit bestimmten Druckermodellen der HP DesignJet-Serie kompatibel ist. Weitere technische Details oder besondere Funktionen sind in der Produktbeschreibung nicht aufgeführt.","Die Produktbeschreibung bietet keine spezifischen Informationen über besondere oder innovative technische Eigenschaften und Funktionen dieses Produkts. Es handelt sich um Tintenpatronen in den Farben Magenta und Cyan, die speziell für bestimmte Modelle der HP DesignJet Druckerserie bestimmt sind. Die Patronen, die aus Singapur stammen, enthalten 130ml Tinte und sind angeblich Originalprodukte."
