ProductId,Prompt,output_t0.0_p0.8_f0.0_pr0.0,output_t0.0_p0.8_f0.0_pr0.5,output_t0.0_p0.8_f0.5_pr0.0,output_t0.0_p0.8_f0.5_pr0.5,output_t0.0_p0.9_f0.0_pr0.0,output_t0.0_p0.9_f0.0_pr0.5,output_t0.0_p0.9_f0.5_pr0.0,output_t0.0_p0.9_f0.5_pr0.5,output_t0.0_p1.0_f0.0_pr0.0,output_t0.0_p1.0_f0.0_pr0.5,output_t0.0_p1.0_f0.5_pr0.0,output_t0.0_p1.0_f0.5_pr0.5,output_t0.7_p0.8_f0.0_pr0.0,output_t0.7_p0.8_f0.0_pr0.5,output_t0.7_p0.8_f0.5_pr0.0,output_t0.7_p0.8_f0.5_pr0.5,output_t0.7_p0.9_f0.0_pr0.0,output_t0.7_p0.9_f0.0_pr0.5,output_t0.7_p0.9_f0.5_pr0.0,output_t0.7_p0.9_f0.5_pr0.5,output_t0.7_p1.0_f0.0_pr0.0,output_t0.7_p1.0_f0.0_pr0.5,output_t0.7_p1.0_f0.5_pr0.0,output_t0.7_p1.0_f0.5_pr0.5,output_t1.2_p0.8_f0.0_pr0.0,output_t1.2_p0.8_f0.0_pr0.5,output_t1.2_p0.8_f0.5_pr0.0,output_t1.2_p0.8_f0.5_pr0.5,output_t1.2_p0.9_f0.0_pr0.0,output_t1.2_p0.9_f0.0_pr0.5,output_t1.2_p0.9_f0.5_pr0.0,output_t1.2_p0.9_f0.5_pr0.5,output_t1.2_p1.0_f0.0_pr0.0,output_t1.2_p1.0_f0.0_pr0.5,output_t1.2_p1.0_f0.5_pr0.0,output_t1.2_p1.0_f0.5_pr0.5
200440,"
Du bist ein sehr kritischer Produktexperte.

Hier ist die Beschreibung eines Produkts:
Anschluss A: 1x Cinch
Anschluss B: 1x Cinch
Anwendungsbereich: Consumer / Hi-Fi
Art: Kabel
Audio Kabeltyp: Cinch
Datenübertragung: Digital
Genaue Materialbezeichnung: Kupfer
Innenleiter Material: Kupfer
Kabel Anwendung: Digital-audio
Kabel Bauform: sauerstofffreies Kupfer
Kabel Verbindung: Anschluss (M/M)
Kabelfarbe: Blau
Länge: 3 Meter (m) Meter
Menge pro Packung: 1 Stück (Stk.) Stück
Steckerform: Vergoldete Kontakte
Steckerform: Gerade
Tiefe: 3 Meter (m) Meter

Frage: Welche besonderen und innovativen technischen Eigenschaften oder Funktionen hat dieses Produkt? Bitte antworte möglichst detailliert in maximal 3 Sätzen.

WICHTIG: Wenn keine eindeutigen Informationen im Text vorhanden sind, antworte nicht mit erfundenen Details, sondern sage, dass keine weiteren Informationen vorliegen.

ANTWORT:
",Das Produkt bietet keine besonderen oder innovativen technischen Eigenschaften oder Funktionen. Es handelt sich um ein Standard Cinch-Kabel mit Kupfer-Innenleiter und vergoldeten Kontakten. Weitere spezifische technische Details oder innovative Funktionen sind in der Produktbeschreibung nicht angegeben.,Das Produkt hat keine besonderen oder innovativen technischen Eigenschaften oder Funktionen. Es handelt sich um ein Standard Cinch-Kabel mit Kupfer-Innenleiter und vergoldeten Kontakten. Weitere spezifische Informationen sind in der Produktbeschreibung nicht enthalten.,Das Produkt bietet keine besonderen oder innovativen technischen Eigenschaften oder Funktionen. Es handelt sich um ein Standard Cinch-Kabel mit Kupfer-Innenleiter und vergoldeten Kontakten für die digitale Audioübertragung. Weitere spezifische technische Details oder innovative Funktionen sind in der Produktbeschreibung nicht angegeben.,Das Produkt bietet keine besonderen oder innovativen technischen Eigenschaften oder Funktionen. Es handelt sich um ein Standard Cinch-Kabel mit Kupfer-Innenleiter und vergoldeten Kontakten für die digitale Audioübertragung. Weitere spezifische Informationen sind in der Produktbeschreibung nicht enthalten.,Das Produkt bietet keine besonderen oder innovativen technischen Eigenschaften oder Funktionen. Es handelt sich um ein Standard Cinch-Kabel mit Kupfer-Innenleiter und vergoldeten Kontakten für die digitale Audio-Datenübertragung. Weitere spezifische technische Details oder Funktionen sind in der Produktbeschreibung nicht angegeben.,Das Produkt bietet keine besonderen oder innovativen technischen Eigenschaften oder Funktionen. Es handelt sich um ein Standard Cinch-Kabel mit Kupfer-Innenleiter und vergoldeten Kontakten. Weitere spezifische technische Details oder innovative Funktionen sind in der Produktbeschreibung nicht angegeben.,Das Produkt bietet keine besonderen oder innovativen technischen Eigenschaften oder Funktionen. Es handelt sich um ein Standard Cinch-Kabel mit Kupfer-Innenleiter und vergoldeten Kontakten für die digitale Audioübertragung. Weitere spezifische technische Details oder innovative Funktionen sind in der Produktbeschreibung nicht angegeben.,Das Produkt bietet keine besonderen oder innovativen technischen Eigenschaften oder Funktionen. Es handelt sich um ein Standard Cinch-Kabel mit Kupfer-Innenleiter und vergoldeten Kontakten für die digitale Audio-Datenübertragung. Weitere spezifische Informationen sind in der Produktbeschreibung nicht enthalten.,Das Produkt bietet keine besonderen oder innovativen technischen Eigenschaften oder Funktionen. Es handelt sich um ein Standard Cinch-Kabel mit Kupfer-Innenleiter und vergoldeten Kontakten. Weitere spezifische technische Details oder Funktionen sind in der Produktbeschreibung nicht angegeben.,Das Produkt bietet keine besonderen oder innovativen technischen Eigenschaften oder Funktionen. Es handelt sich um ein Standard Cinch-Kabel mit Kupfer-Innenleiter und vergoldeten Kontakten. Weitere spezifische technische Details oder innovative Funktionen sind in der Produktbeschreibung nicht angegeben.,Das Produkt bietet keine besonderen oder innovativen technischen Eigenschaften oder Funktionen. Es handelt sich um ein Standard Cinch-Kabel mit Kupfer-Innenleiter und vergoldeten Kontakten für die digitale Audioübertragung. Weitere spezifische technische Details oder innovative Funktionen sind in der Produktbeschreibung nicht angegeben.,Das Produkt bietet keine besonderen oder innovativen technischen Eigenschaften oder Funktionen. Es handelt sich um ein Standard Cinch-Kabel mit Kupfer-Innenleiter und vergoldeten Kontakten für die digitale Audio-Datenübertragung. Weitere spezifische Informationen sind in der Produktbeschreibung nicht enthalten.,Das Produkt hat keine besonderen oder innovativen technischen Eigenschaften oder Funktionen. Es handelt sich um ein Standard-Cinch-Kabel mit Kupferinnenleitern und vergoldeten Kontakten. Weitere spezifische technische Details oder innovative Funktionen sind in der Produktbeschreibung nicht angegeben.,Das Produkt weist keine besonderen oder innovativen technischen Eigenschaften oder Funktionen auf. Es handelt sich um ein Standard-Digital-Audio-Cinch-Kabel mit Kupfer-Innenleitern und vergoldeten Kontakten. Weiterführende oder spezielle Informationen sind in der Produktbeschreibung nicht angegeben.,Das Produkt weist keine besonderen oder innovativen technischen Eigenschaften oder Funktionen auf. Es handelt sich um ein standard Cinch-Kabel mit Kupferinnenleitern und vergoldeten Kontakten. Alle angegebenen Eigenschaften sind typisch für ein solches Produkt und stellen keine Innovation dar.,"Das Produkt bietet keine besonderen oder innovativen technischen Eigenschaften oder Funktionen. Es handelt sich um ein Standard Cinch-Kabel mit einer Länge von 3 Metern, das aus sauerstofffreiem Kupfer besteht und vergoldete Kontakte hat. Weitere spezifische Informationen sind in der Beschreibung nicht enthalten.",Das Produkt verfügt über keine besonderen oder innovativen technischen Eigenschaften oder Funktionen. Es handelt sich um ein einfaches Cinch-Kabel mit Kupferinnenleiter und vergoldeten Kontakten. Weitere technische Details oder Funktionen wurden nicht genannt.,"Das Produkt bietet keine besonderen oder innovativen technischen Eigenschaften oder Funktionen. Es handelt sich um ein Standard-Digital-Audiokabel mit Cinch-Anschlüssen und einer Länge von 3 Metern. Das Kabel besteht aus sauerstofffreiem Kupfer und hat vergoldete Kontakte, was eine qualitativ hochwertige Datenübertragung gewährleisten sollte.","Das Produkt hat keine besonders innovativen oder technischen Eigenschaften. Es handelt sich um ein Standard Cinch-Kabel mit einer Länge von 3 Metern, das aus sauerstofffreiem Kupfer besteht und vergoldete Kontakte hat. Weitere spezifische Informationen oder besondere Funktionen werden in der Beschreibung nicht genannt.",Das Produkt bietet keine besonderen oder innovativen technischen Eigenschaften oder Funktionen. Es handelt sich um ein standardmäßiges Cinch-Kabel mit Kupfer-Innenleitern und vergoldeten Kontakten. Weitere spezifische technische Details oder innovative Funktionen werden in der Produktbeschreibung nicht genannt.,Das Produkt hat keine besonderen oder innovativen technischen Eigenschaften oder Funktionen. Es handelt sich um ein standardmäßiges Cinch-Kabel mit Kupferleitern und vergoldeten Kontakten. Weitere technische Details oder innovative Funktionen sind in der Produktbeschreibung nicht genannt.,Das Produkt weist keine besonderen oder innovativen technischen Eigenschaften oder Funktionen auf. Es handelt sich um ein Standard-Cinch-Kabel mit Kupferleitern und vergoldeten Kontakten für den Consumer-/Hi-Fi-Bereich. Weitere spezifische technische Details oder innovative Funktionen werden in der Produktbeschreibung nicht erwähnt.,Das Produkt weist keine besonderen oder innovativen technischen Eigenschaften oder Funktionen auf. Es handelt sich um ein einfaches Cinch-Kabel mit Kupfer-Innenleitern und vergoldeten Kontakten für die digitale Audioübertragung. Es gibt keine Informationen über zusätzliche oder einzigartige Funktionen.,"Das Produkt weist keine besonderen oder innovativen technischen Eigenschaften oder Funktionen auf. Es handelt sich um ein einfaches Cinch-Kabel für digitale Audioanwendungen, das aus sauerstofffreiem Kupfer hergestellt wurde und vergoldete Kontakte besitzt. Weitere spezielle oder fortschrittliche Funktionen sind in der Produktbeschreibung nicht angegeben.","Das Produkt verfügt über keine besonderen oder innovativen technischen Eigenschaften oder Funktionen. Es handelt sich um ein einfaches Cinch-Kabel mit Kupferleitern und vergoldeten Kontakten, das für die digitale Audioübertragung konzipiert ist. Es wurden keine weiteren speziellen Merkmale oder Funktionen in der Produktbeschreibung angegeben.","Das Produkt hat keine besonderen oder innovativen technischen Eigenschaften oder Funktionen, die in der Beschreibung erwähnt werden. Es handelt sich um ein standard Cinch-Digital-Audiokabel mit Kupferinnenleitern und vergoldeten Kontakten. Die einzige bemerkenswerte Eigenschaft könnte das sauerstofffreie Kupfer sein, das eine höhere Leitfähigkeit aufweist als reguläres Kupfer, was zu einer besseren Signalqualität führen könnte.",Das Produkt hat keine besonderen oder innovativen technischen Eigenschaften oder Funktionen. Es handelt sich um ein standard Cinch-Audiokabel mit vergoldeten Kontakten und sauerstofffreiem Kupfer als Innenleitermaterial. Weitere spezifische technische Details oder Innovationen sind in der Produktbeschreibung nicht genannt.,"Das Produkt bietet keine besonderen oder innovativen technischen Eigenschaften oder Funktionen. Es handelt sich um ein Standard Cinch-Audiokabel mit einer Länge von 3 Metern, hergestellt aus sauerstofffreiem Kupfer mit vergoldeten Kontakten. Weitere spezifische oder innovative Merkmale sind in der gegebenen Beschreibung nicht genannt.",Dieses Produkt hat keine besonders innovativen oder einzigartigen technischen Eigenschaften. Es handelt sich um ein einfaches digitales Audio-Kabel mit Cinch-Anschlüssen aus sauerstofffreiem Kupfer und vergoldeten Kontakten. Weitere spezifische technische Eigenschaften oder Funktionen sind in der Produktbeschreibung nicht erwähnt.,Das Produkt hat keine besonderen oder innovativen technischen Eigenschaften oder Funktionen. Es handelt sich lediglich um ein digitales Audio-Cinchkabel mit vergoldeten Kontakten und einer Länge von 3 Metern. Spezifischere oder außergewöhnlichere Merkmale sind in der Produktbeschreibung nicht angegeben.,"Das Produkt bietet keine speziellen oder innovativen technischen Eigenschaften oder Funktionen. Es handelt sich um ein einfaches Cinch-Kabel mit Kupferleitern und vergoldeten Kontakten, das für den Bereich Consumer / Hi-Fi gedacht ist. Weitere besondere Merkmale oder technologische Neuerungen werden in der Beschreibung nicht erwähnt.","Das Produkt weist keine besonders innovativen oder einzigartigen technischen Eigenschaften auf. Es ist ein Standard-Digital-Audiokabel mit Cinch-Anschlüssen und einer Länge von 3 Metern. Seine Hauptmerkmale sind das sauerstofffreie Kupfermaterial, die vergoldeten Kontakte und die blaue Kabelfarbe.","Das Produkt hat keine besonderen oder innovativen technischen Eigenschaften oder Funktionen, die in dieser Beschreibung aufgeführt sind. Es handelt sich um ein standardmäßiges Cinch-Kabel zum Gebrauch im Hi-Fi-Bereich, dessen Hauptmerkmale das sauerstofffreie Kupfermaterial, die vergoldeten Kontakte und die explizite Ausrichtung für den digitalen Sound sind. Weitere spezielle Funktionen oder technische Entwicklungen sind nicht erwähnt.","Das Produkt bietet keine herausragenden oder innovativen technologischen Funktionen oder Eigenschaften. Es handelt sich um ein Standard-Cinch-Kabel mit naheliegenden Spezifikationen, einschließlich vergoldeter Kontakte und sauerstofffreiem Kupfermaterial. Weitere spezielle oder fortschrittliche Informationen liegen nicht vor.","Das Produkt verfügt über keine besonderen oder innovativen technischen Eigenschaften oder Funktionen. Es handelt sich um ein Kupferkabel, das digitales Audio übertragen kann, mit geraden, vergoldeten Kontakten. Weiterhin ist es in der Materialbezeichnung erwähnt, dass es aus sauerstofffreiem Kupfer besteht.",Das Produkt weist keine speziellen oder innovativen technischen Eigenschaften oder Funktionen auf. Es handelt sich um ein Standard Cinch-Kabel für den Consumer / Hi-Fi Bereich mit vergoldeten Kontakten und sauerstofffreiem Kupfer als Innenleiter-Material. Weitere aus der Beschreibung hervorgehende innovative Eigenschaften wurden nicht genannt.
203240,"
Du bist ein sehr kritischer Produktexperte.

Hier ist die Beschreibung eines Produkts:
Artikel pro Verkaufseinheit: 2 Stück (Stk.) Stück
Druckerserie: DesignJet
Druckfarbe: Magenta
Druckfarbe: Cyan
Farbbezeichnung: C
Farbbezeichnung: M
Herstellerengagement: SBTi
Herstellerengagement: RE100
Inhalt: 130 Milliliter (ml) Milliliter
Kompatibel zu OEM: C9383A
Kompatible Druckermodelle: T1100
Kompatible Druckermodelle: T1100PS
Kompatible Druckermodelle: T1200
Passende Druckermarke: HP
Patronenart: Originalprodukt
Patronengrösse: Normal
Patronentyp: Druckkopf
Ursprungsland: Singapur

Frage: Welche besonderen und innovativen technischen Eigenschaften oder Funktionen hat dieses Produkt? Bitte antworte möglichst detailliert in maximal 3 Sätzen.

WICHTIG: Wenn keine eindeutigen Informationen im Text vorhanden sind, antworte nicht mit erfundenen Details, sondern sage, dass keine weiteren Informationen vorliegen.

ANTWORT:
","Der Text liefert keine spezifischen Informationen über besondere oder innovative technische Eigenschaften oder Funktionen dieses Produkts. Es handelt sich um eine Original-Druckkopfpatrone für bestimmte HP DesignJet Druckermodelle, die in Singapur hergestellt wird und die Druckfarben Magenta und Cyan enthält. Weitere technische Details oder besondere Funktionen sind nicht angegeben.","Der Text liefert keine spezifischen Informationen über besondere oder innovative technische Eigenschaften oder Funktionen dieses Produkts. Es handelt sich um eine Original-Druckkopfpatrone für bestimmte HP DesignJet Druckermodelle, die in Singapur hergestellt wird und die Druckfarben Magenta und Cyan enthält. Weitere technische Details oder Innovationen sind nicht angegeben.","Der Text liefert keine spezifischen Informationen über besondere oder innovative technische Eigenschaften oder Funktionen dieses Produkts. Es handelt sich um eine Original-Druckkopfpatrone für bestimmte HP DesignJet Druckermodelle, die in Singapur hergestellt wird und die Druckfarben Magenta und Cyan enthält. Weitere technische Details oder Innovationen sind nicht angegeben.","Der Text liefert keine spezifischen Informationen über besondere oder innovative technische Eigenschaften oder Funktionen dieses Produkts. Es handelt sich um eine Original-Druckkopfpatrone für bestimmte HP DesignJet Druckermodelle, die in Singapur hergestellt wird und die Farben Magenta und Cyan enthält. Weitere technische Details oder Innovationen sind nicht angegeben.","Der Text liefert keine spezifischen Informationen über besondere oder innovative technische Eigenschaften oder Funktionen dieses Produkts. Es handelt sich um eine Original-Druckkopfpatrone für bestimmte HP DesignJet Druckermodelle, die in Singapur hergestellt wird und die Druckfarben Magenta und Cyan enthält. Weitere technische Details oder besondere Funktionen sind nicht angegeben.","Der Text liefert keine spezifischen Informationen über besondere oder innovative technische Eigenschaften oder Funktionen dieses Produkts. Es handelt sich um eine Original-Druckkopfpatrone für bestimmte HP DesignJet Druckermodelle, die in Singapur hergestellt wurde und die Druckfarben Magenta und Cyan enthält. Weitere technische Details oder Innovationen sind nicht angegeben.",Der Text liefert keine Informationen über besondere oder innovative technische Eigenschaften oder Funktionen dieses Produkts. Es handelt sich um einen Druckkopf für bestimmte HP-Druckermodelle mit den Druckfarben Magenta und Cyan. Weitere spezifische Details oder Funktionen werden nicht erwähnt.,"Der Text liefert keine spezifischen Informationen über besondere oder innovative technische Eigenschaften oder Funktionen dieses Produkts. Es handelt sich um eine Original-Druckkopfpatrone für bestimmte HP DesignJet Druckermodelle, die in Singapur hergestellt wurde und die Farben Magenta und Cyan enthält. Weitere technische Details oder Innovationen sind nicht angegeben.",Der Text liefert keine Informationen über besondere oder innovative technische Eigenschaften oder Funktionen dieses Produkts. Es handelt sich um einen Druckkopf für bestimmte HP-Druckermodelle mit den Druckfarben Magenta und Cyan. Weitere spezifische Details oder Funktionen werden nicht erwähnt.,"Der Text liefert keine Informationen über besondere oder innovative technische Eigenschaften oder Funktionen dieses Produkts. Es handelt sich um eine Original-Druckkopfpatrone für bestimmte HP-Druckermodelle, die in Singapur hergestellt wurde und die Druckfarben Magenta und Cyan enthält. Weitere spezifische Details oder Funktionen werden nicht erwähnt.","Der Text liefert keine spezifischen Informationen über besondere oder innovative technische Eigenschaften oder Funktionen dieses Produkts. Es handelt sich um eine Original-Druckkopfpatrone für bestimmte HP DesignJet Druckermodelle, die in Singapur hergestellt wurde und die Druckfarben Magenta und Cyan enthält. Weitere technische Details oder besondere Funktionen sind nicht angegeben.","Der Text liefert keine spezifischen Informationen über besondere oder innovative technische Eigenschaften oder Funktionen dieses Produkts. Es handelt sich um eine Original-Druckkopfpatrone für bestimmte HP DesignJet Druckermodelle, die in Singapur hergestellt wird und die Farben Magenta und Cyan enthält. Weitere technische Details oder Innovationen sind nicht angegeben.",Der Text liefert keine Informationen über besondere oder innovative technische Eigenschaften oder Funktionen dieses Produkts. Es handelt sich um einen Original-Druckkopf für bestimmte HP DesignJet Druckermodelle mit den Druckfarben Magenta und Cyan. Weitere technische Details oder spezielle Funktionen werden nicht erwähnt.,Der Text gibt keine speziellen oder innovativen technischen Eigenschaften oder Funktionen dieses Produkts an. Es handelt sich um einen Druckkopf für bestimmte HP-Druckermodelle mit normaler Größe und den Druckfarben Magenta und Cyan. Weitere technische Details oder innovative Funktionen werden nicht erwähnt.,"Die Produktbeschreibung gibt keine besonderen oder innovativen technischen Eigenschaften oder Funktionen dieses Produkts an. Es handelt sich um einen Druckkopf für bestimmte Modelle der HP DesignJet Druckerserie, der in den Farben Magenta und Cyan druckt. Weitere spezifische Merkmale oder Funktionen werden nicht erwähnt.","Der Text liefert keine spezifischen Informationen über besondere oder innovative technische Eigenschaften oder Funktionen dieses Produkts. Es handelt sich um eine Original-Druckkopfpatrone für bestimmte HP DesignJet Druckermodelle, die in Singapur hergestellt wurde und Magenta sowie Cyan Farben enthält. Weitere technische Details oder Funktionen sind nicht angegeben.","Der Text liefert keine spezifischen Informationen über besondere oder innovative technische Eigenschaften oder Funktionen dieses Produkts. Es handelt sich um eine Originaldruckkopfpatrone für bestimmte HP Druckermodelle, die in Singapur hergestellt wurde. Sie hat die Druckfarben Magenta und Cyan und einen Inhalt von 130 Milliliter.","Der Produktbeschreibung zufolge handelt es sich um einen Original-Druckkopf für bestimmte HP-DesignJet-Modelle, der in den Farben Magenta und Cyan druckt. Es gibt jedoch keine Angaben zu besonderen oder innovativen technischen Eigenschaften oder Funktionen dieses Produkts. Für weitere Details sollte der Hersteller oder Verkäufer kontaktiert werden.","Die Produktbeschreibung bietet keine spezifischen Details über besondere oder innovative technische Eigenschaften oder Funktionen dieses Produkts. Es handelt sich um Original-Druckkopf-Patronen in den Farben Magenta und Cyan für bestimmte HP-DesignJet-Druckermodelle. Die Herstellerengagements SBTi und RE100 könnten auf Nachhaltigkeitsinitiativen hinweisen, aber ohne weitere Informationen ist dies unklar.","Die Produktbeschreibung bietet keine spezifischen Informationen über besondere oder innovative technische Eigenschaften oder Funktionen dieses Produkts. Es handelt sich um einen Original-Druckkopf für bestimmte Modelle von HP DesignJet Druckern, der in Singapur hergestellt wird. Die Druckfarben sind Magenta und Cyan und das Produkt ist mit dem OEM C9383A kompatibel.",Der Text enthält keine spezifischen Informationen über besondere oder innovative technische Eigenschaften oder Funktionen dieses Produkts. Es handelt sich um einen Druckkopf für bestimmte HP Druckerserien mit den Farben Magenta und Cyan. Weitere technische Details oder Innovationen sind in der Beschreibung nicht angegeben.,"Der Text bietet keine spezifischen Informationen über besondere oder innovative technische Eigenschaften oder Funktionen dieses Produkts. Es handelt sich um einen originalen Druckkopf für bestimmte HP DesignJet-Druckermodelle, der in Singapur hergestellt wurde und die Druckfarben Magenta und Cyan enthält. Weitere technische Details oder innovative Funktionen sind nicht angegeben.","Der Text gibt keine spezifischen Informationen über besondere oder innovative technische Eigenschaften oder Funktionen dieses Produkts. Es handelt sich um einen Druckkopf für bestimmte HP Druckermodelle, der in den Farben Magenta und Cyan druckt. Weitere technische Details oder Funktionen sind nicht angegeben.","Der Text liefert keine spezifischen Informationen über besondere oder innovative technische Eigenschaften oder Funktionen dieses Produkts. Es handelt sich lediglich um eine Original Druckkopfpatrone für bestimmte HP-Druckermodelle, ohne dass besondere Merkmale hervorgehoben werden.","Der Text liefert keine spezifischen Informationen über besondere oder innovative technische Eigenschaften oder Funktionen dieses Produkts. Es wird lediglich angegeben, dass es sich um eine Originaldruckkopfpatrone für bestimmte HP DesignJet Druckermodelle handelt, die in Singapur hergestellt wird und die Druckfarben Magenta und Cyan enthält.","Die Produktbeschreibung gibt keine speziellen oder innovativen technischen Eigenschaften oder Funktionen für dieses Produkt an. Es handelt sich um eine Original-Druckkopfpatrone für bestimmte Modelle von HP DesignJet Druckern, die in den Farben Magenta und Cyan druckt. Weitere spezifische Informationen oder besondere Merkmale sind in der bereitgestellten Beschreibung nicht angegeben.","Der Text liefert keine spezifischen Informationen über besondere oder innovative technische Eigenschaften oder Funktionen dieses Produkts. Es wird lediglich angegeben, dass es sich um Originaldruckköpfe in den Farben Magenta und Cyan für bestimmte HP DesignJet-Modelle handelt. Die Herstellerengagements SBTi und RE100 deuten auf Nachhaltigkeitsinitiativen hin, aber ohne weitere Details.","Der Text gibt keine spezifischen Informationen über besondere oder innovative technische Eigenschaften oder Funktionen des Produkts. Es handelt sich um eine Original Druckkopf-Patrone, die mit bestimmten HP DesignJet Druckermodellen kompatibel ist. Weitere Details oder einzigartige Merkmale wurden nicht angegeben.",Die Produktbeschreibung gibt keine besonderen oder innovativen technischen Eigenschaften oder Funktionen für dieses Produkt an.,"Die Produktbeschreibung enthält keine spezifischen Informationen über besondere oder innovative technische Eigenschaften oder Funktionen dieses Produkts. Es handelt sich um einen Druckkopf für bestimmte HP DesignJet Druckermodelle, der in Singapur hergestellt wurde. Es sind Originalpatronen in Normalgröße mit den Druckfarben Magenta und Cyan.","Die Produktbeschreibung enthält keine Informationen über besondere oder innovative technische Eigenschaften oder Funktionen dieses Produkts. Es wird lediglich dargelegt, dass es sich um Originalpatronen in den Farben Magenta und Cyan für bestimmte HP-Druckermodelle handelt. Spezifische technologische Merkmale oder Innovationen sind nicht angegeben.",Aus der Produktbeschreibung lassen sich keine besonderen oder innovativen technischen Eigenschaften oder Funktionen für dieses Produkt ableiten. Es handelt sich um eine Originaldruckkopf-Patrone in den Farben Magenta und Cyan für bestimmte Modelle der HP DesignJet Druckerserie. Weitere technische Details oder Innovationen sind in der gegebenen Beschreibung nicht erwähnt.,"Die Produktbeschreibung liefert keine Informationen über besondere oder innovative technische Eigenschaften oder Funktionen dieses Produkts. Es werden lediglich grundlegende Spezifikationen und Charakteristiken wie Druckfarben, Farbbezeichnungen und kompatible Druckermodelle genannt. Weitere technische Details, Innovationen oder spezielle Funktionen werden nicht erwähnt.","Aus der Produktbeschreibung gehen keine besonderen oder innovativen technischen Eigenschaften des Produkts hervor. Es handelt sich um originale Druckköpfe für bestimmte HP-DesignJet-Modelle, mit den Druckfarben Magenta und Cyan, die in Singapur hergestellt wurden. Darüber hinaus liegen keine weiteren Informationen vor.","Die Produktbeschreibung enthält keine konkreten Angaben zu besonderen und innovativen technischen Eigenschaften oder Funktionen des Produkts. Angaben wie Druckfarben oder Kompatibilität mit bestimmten Druckermodellen beziehen sich mehr auf Standardmerkmale als auf innovative Technologien. Mehr Informationen müssten vom Hersteller bereitgestellt werden, um diese Frage detailliert beantworten zu können.","Aus der bereitgestellten Produktbeschreibung gehen keine besonderen und innovativen technischen Eigenschaften oder Funktionen dieses Produkts hervor. Es handelt sich um Druckerpatronen der Marke HP in den Farben Magenta und Cyan, passend für verschiedene Modelle der DesignJet-Druckerserie. Weitere spezifische Informationen sind nicht aufgeführt."
