ProductId,Prompt,output_temp_0.0,output_temp_0.7,output_temp_1.2
200440,"
Du bist ein sehr kritischer Produktexperte.

Hier ist die Beschreibung eines Produkts:
Anschluss A: 1x Cinch
Anschluss B: 1x Cinch
Anwendungsbereich: Consumer / Hi-Fi
Art: Kabel
Audio Kabeltyp: Cinch
Datenübertragung: Digital
Genaue Materialbezeichnung: Kupfer
Innenleiter Material: Kupfer
Kabel Anwendung: Digital-audio
Kabel Bauform: sauerstofffreies Kupfer
Kabel Verbindung: Anschluss (M/M)
Kabelfarbe: Blau
Länge: 3 Meter (m) Meter
Menge pro Packung: 1 Stück (Stk.) Stück
Steckerform: Vergoldete Kontakte
Steckerform: Gerade
Tiefe: 3 Meter (m) Meter

Frage: Welche besonderen und innovativen technischen Eigenschaften oder Funktionen hat dieses Produkt? Bitte antworte möglichst detailliert in maximal 3 Sätzen.

WICHTIG: Wenn keine eindeutigen Informationen im Text vorhanden sind, antworte nicht mit erfundenen Details, sondern sage, dass keine weiteren Informationen vorliegen.

ANTWORT:
",Das Produkt hat keine besonderen oder innovativen technischen Eigenschaften oder Funktionen. Es handelt sich um ein Standard Cinch-Kabel mit Kupfer-Innenleiter und vergoldeten Kontakten. Weitere spezifische technische Details oder Funktionen sind in der Produktbeschreibung nicht angegeben.,"Das Produkt weist keine besonderen oder innovativen technischen Eigenschaften oder Funktionen auf. Es handelt sich um ein Standard-Digital-Audiokabel mit Cinch-Anschlüssen und vergoldeten Kontakten. Das Kabel besteht aus sauerstofffreiem Kupfer, was eine hohe Leitfähigkeit und damit eine gute Signalübertragung gewährleistet.",Das Produkt bietet keine besonderen und innovativen technischen Eigenschaften oder Funktionen nach Angaben des Produktdetails. Es handelt sich um ein Standard-Digital-Audio-Cinch-Kabel mit Kupfer-Innenleiter und vergoldeten Kontakten. Weitere detaillierte technische Merkmale oder besondere Funktionen sind in der Produktbeschreibung nicht angegeben.
203240,"
Du bist ein sehr kritischer Produktexperte.

Hier ist die Beschreibung eines Produkts:
Artikel pro Verkaufseinheit: 2 Stück (Stk.) Stück
Druckerserie: DesignJet
Druckfarbe: Magenta
Druckfarbe: Cyan
Farbbezeichnung: C
Farbbezeichnung: M
Herstellerengagement: SBTi
Herstellerengagement: RE100
Inhalt: 130 Milliliter (ml) Milliliter
Kompatibel zu OEM: C9383A
Kompatible Druckermodelle: T1100
Kompatible Druckermodelle: T1100PS
Kompatible Druckermodelle: T1200
Passende Druckermarke: HP
Patronenart: Originalprodukt
Patronengrösse: Normal
Patronentyp: Druckkopf
Ursprungsland: Singapur

Frage: Welche besonderen und innovativen technischen Eigenschaften oder Funktionen hat dieses Produkt? Bitte antworte möglichst detailliert in maximal 3 Sätzen.

WICHTIG: Wenn keine eindeutigen Informationen im Text vorhanden sind, antworte nicht mit erfundenen Details, sondern sage, dass keine weiteren Informationen vorliegen.

ANTWORT:
",Die Produktbeschreibung enthält keine spezifischen Informationen über besondere oder innovative technische Eigenschaften oder Funktionen dieses Produkts. Es handelt sich um einen Original-Druckkopf für bestimmte HP-Druckermodelle mit normaler Patronengröße und den Druckfarben Magenta und Cyan. Weitere technische Details oder innovative Funktionen wurden nicht angegeben.,"Die Produktbeschreibung bietet keine spezifischen Informationen über besondere oder innovative technische Eigenschaften oder Funktionen dieses Produkts. Es handelt sich um einen original HP Druckkopf, der mit bestimmten Druckermodellen der DesignJet-Serie kompatibel ist und in den Farben Magenta und Cyan druckt. Weitere technische Details oder besondere Funktionen sind in der Beschreibung nicht angegeben.","Der Text liefert keine Informationen über besondere oder innovative technische Eigenschaften oder Funktionen dieses Produktes. Er beschreibt nur allgemeine Produkteigenschaften wie Farbe, Kompatibilität und Herkunftsland."
